transaction_id,customer_id,transaction_date,payment_method,amount
QR-C001-0-13,C001,2026-03-20,QR決済,670
QR-C001-0-19,C001,2026-03-20,QR決済,1150
QR-C001-0-28,C001,2026-03-22,QR決済,1446
QR-C001-0-12,C001,2026-03-23,QR決済,620
QR-C001-0-03,C001,2026-03-24,QR決済,690
QR-C001-0-26,C001,2026-03-24,QR決済,950
QR-C001-0-09,C001,2026-03-26,QR決済,1230
QR-C001-0-01,C001,2026-03-27,QR決済,790
QR-C001-0-07,C001,2026-03-27,QR決済,960
QR-C001-0-21,C001,2026-03-30,QR決済,1260
QR-C001-0-08,C001,2026-03-31,QR決済,610
QR-C001-0-22,C001,2026-03-31,QR決済,1010
QR-C001-0-16,C001,2026-04-01,QR決済,510
QR-C001-0-27,C001,2026-04-02,QR決済,1520
QR-C001-0-02,C001,2026-04-03,QR決済,1410
QR-C001-0-17,C001,2026-04-03,QR決済,1440
QR-C001-0-06,C001,2026-04-04,QR決済,1430
QR-C001-0-14,C001,2026-04-04,QR決済,1100
QR-C001-0-20,C001,2026-04-04,QR決済,1090
QR-C001-0-18,C001,2026-04-05,QR決済,1160
QR-C001-0-11,C001,2026-04-06,QR決済,620
QR-C001-0-24,C001,2026-04-09,QR決済,940
QR-C001-0-04,C001,2026-04-12,QR決済,1470
QR-C001-0-10,C001,2026-04-12,QR決済,1390
QR-C001-0-25,C001,2026-04-12,QR決済,1100
QR-C001-0-15,C001,2026-04-13,QR決済,560
QR-C001-0-00,C001,2026-04-15,QR決済,930
QR-C001-0-23,C001,2026-04-15,QR決済,430
QR-C001-0-05,C001,2026-04-17,QR決済,1170
QR-C001-1-06,C001,2026-04-18,QR決済,930
QR-C001-1-25,C001,2026-04-19,QR決済,850
QR-C001-1-27,C001,2026-04-21,QR決済,1080
QR-C001-1-00,C001,2026-04-22,QR決済,1460
QR-C001-1-03,C001,2026-04-22,QR決済,490
QR-C001-1-10,C001,2026-04-22,QR決済,810
QR-C001-1-07,C001,2026-04-23,QR決済,1340
QR-C001-1-21,C001,2026-04-26,QR決済,660
QR-C001-1-20,C001,2026-04-27,QR決済,730
QR-C001-1-17,C001,2026-04-28,QR決済,1000
QR-C001-1-26,C001,2026-04-30,QR決済,810
QR-C001-1-08,C001,2026-05-01,QR決済,840
QR-C001-1-04,C001,2026-05-03,QR決済,770
QR-C001-1-09,C001,2026-05-03,QR決済,1250
QR-C001-1-19,C001,2026-05-03,QR決済,870
QR-C001-1-14,C001,2026-05-04,QR決済,1180
QR-C001-1-15,C001,2026-05-05,QR決済,770
QR-C001-1-22,C001,2026-05-05,QR決済,1290
QR-C001-1-24,C001,2026-05-06,QR決済,610
QR-C001-1-13,C001,2026-05-08,QR決済,990
QR-C001-1-28,C001,2026-05-10,QR決済,993
QR-C001-1-02,C001,2026-05-11,QR決済,1450
QR-C001-1-16,C001,2026-05-11,QR決済,1460
QR-C001-1-01,C001,2026-05-13,QR決済,1120
QR-C001-1-05,C001,2026-05-13,QR決済,1290
QR-C001-1-18,C001,2026-05-13,QR決済,1680
QR-C001-1-12,C001,2026-05-15,QR決済,1340
QR-C001-1-23,C001,2026-05-15,QR決済,800
QR-C001-1-11,C001,2026-05-16,QR決済,1140
QR-C001-2-07,C001,2026-05-20,QR決済,830
QR-C001-2-08,C001,2026-05-20,QR決済,1070
QR-C001-2-09,C001,2026-05-23,QR決済,1370
QR-C001-2-11,C001,2026-05-25,QR決済,890
QR-C001-2-17,C001,2026-05-26,QR決済,1050
QR-C001-2-21,C001,2026-05-26,QR決済,1010
QR-C001-2-15,C001,2026-05-27,QR決済,1090
QR-C001-2-10,C001,2026-05-28,QR決済,810
QR-C001-2-12,C001,2026-05-28,QR決済,820
QR-C001-2-13,C001,2026-05-28,QR決済,1210
QR-C001-2-26,C001,2026-05-29,QR決済,960
QR-C001-2-04,C001,2026-05-30,QR決済,520
QR-C001-2-20,C001,2026-05-30,QR決済,790
QR-C001-2-00,C001,2026-05-31,QR決済,600
QR-C001-2-23,C001,2026-06-01,QR決済,940
QR-C001-2-30,C001,2026-06-01,QR決済,1493
QR-C001-2-29,C001,2026-06-03,QR決済,1170
QR-C001-2-03,C001,2026-06-05,QR決済,1410
QR-C001-2-28,C001,2026-06-05,QR決済,1440
QR-C001-2-02,C001,2026-06-06,QR決済,700
QR-C001-2-18,C001,2026-06-06,QR決済,1570
QR-C001-2-01,C001,2026-06-07,QR決済,660
QR-C001-2-14,C001,2026-06-07,QR決済,1130
QR-C001-2-19,C001,2026-06-07,QR決済,740
QR-C001-2-16,C001,2026-06-09,QR決済,1180
QR-C001-2-27,C001,2026-06-10,QR決済,1550
QR-C001-2-24,C001,2026-06-11,QR決済,490
QR-C001-2-05,C001,2026-06-14,QR決済,1290
QR-C001-2-25,C001,2026-06-14,QR決済,1140
QR-C001-2-22,C001,2026-06-15,QR決済,1330
QR-C001-2-06,C001,2026-06-16,QR決済,710
QR-C001-3-30,C001,2026-06-19,QR決済,890
QR-C001-3-06,C001,2026-06-21,QR決済,1400
QR-C001-3-09,C001,2026-06-22,QR決済,590
QR-C001-3-28,C001,2026-06-24,QR決済,1350
QR-C001-3-03,C001,2026-06-25,QR決済,1440
QR-C001-3-23,C001,2026-06-26,QR決済,840
QR-C001-3-25,C001,2026-06-28,QR決済,630
QR-C001-3-18,C001,2026-06-30,QR決済,660
QR-C001-3-05,C001,2026-07-01,QR決済,1730
QR-C001-3-12,C001,2026-07-01,QR決済,1190
QR-C001-3-31,C001,2026-07-01,QR決済,1082
QR-C001-3-26,C001,2026-07-02,QR決済,1590
QR-C001-3-19,C001,2026-07-03,QR決済,1340
QR-C001-3-01,C001,2026-07-04,QR決済,700
QR-C001-3-04,C001,2026-07-04,QR決済,1350
QR-C001-3-08,C001,2026-07-04,QR決済,680
QR-C001-3-22,C001,2026-07-04,QR決済,790
QR-C001-3-27,C001,2026-07-04,QR決済,490
QR-C001-3-10,C001,2026-07-05,QR決済,540
QR-C001-3-17,C001,2026-07-05,QR決済,810
QR-C001-3-11,C001,2026-07-06,QR決済,1640
QR-C001-3-13,C001,2026-07-07,QR決済,490
QR-C001-3-15,C001,2026-07-07,QR決済,1490
QR-C001-3-20,C001,2026-07-07,QR決済,1650
QR-C001-3-21,C001,2026-07-07,QR決済,870
QR-C001-3-07,C001,2026-07-09,QR決済,560
QR-C001-3-14,C001,2026-07-10,QR決済,990
QR-C001-3-29,C001,2026-07-12,QR決済,1620
QR-C001-3-00,C001,2026-07-14,QR決済,1010
QR-C001-3-16,C001,2026-07-15,QR決済,560
QR-C001-3-02,C001,2026-07-16,QR決済,480
QR-C001-3-24,C001,2026-07-16,QR決済,1300
CARD-C002-0-06,C002,2026-03-20,クレジットカード,6640
QR-C002-0-02,C002,2026-03-21,QR決済,790
QR-C002-0-24,C002,2026-03-21,QR決済,1865
CARD-C002-0-03,C002,2026-03-23,クレジットカード,6080
QR-C002-0-22,C002,2026-03-25,QR決済,1700
QR-C002-0-00,C002,2026-03-26,QR決済,1040
QR-C002-0-05,C002,2026-03-26,QR決済,1770
QR-C002-0-01,C002,2026-03-27,QR決済,1210
QR-C002-0-14,C002,2026-03-27,QR決済,1830
QR-C002-0-20,C002,2026-03-27,QR決済,1250
CARD-C002-0-04,C002,2026-03-27,クレジットカード,4230
QR-C002-0-15,C002,2026-03-28,QR決済,1510
CARD-C002-0-01,C002,2026-03-30,クレジットカード,4040
CARD-C002-0-00,C002,2026-03-31,クレジットカード,5110
QR-C002-0-03,C002,2026-04-01,QR決済,560
QR-C002-0-21,C002,2026-04-01,QR決済,940
CARD-C002-0-07,C002,2026-04-03,クレジットカード,2216
QR-C002-0-06,C002,2026-04-04,QR決済,760
QR-C002-0-18,C002,2026-04-05,QR決済,850
QR-C002-0-10,C002,2026-04-07,QR決済,1340
QR-C002-0-04,C002,2026-04-08,QR決済,1390
QR-C002-0-16,C002,2026-04-08,QR決済,1830
QR-C002-0-13,C002,2026-04-09,QR決済,1780
QR-C002-0-12,C002,2026-04-10,QR決済,1020
QR-C002-0-17,C002,2026-04-11,QR決済,1430
CARD-C002-0-02,C002,2026-04-11,クレジットカード,5550
QR-C002-0-07,C002,2026-04-12,QR決済,1000
QR-C002-0-08,C002,2026-04-13,QR決済,1410
QR-C002-0-11,C002,2026-04-13,QR決済,1760
QR-C002-0-19,C002,2026-04-13,QR決済,1970
QR-C002-0-23,C002,2026-04-15,QR決済,1590
CARD-C002-0-05,C002,2026-04-16,クレジットカード,7620
QR-C002-0-09,C002,2026-04-17,QR決済,1650
QR-C002-1-04,C002,2026-04-19,QR決済,1190
QR-C002-1-10,C002,2026-04-19,QR決済,1020
QR-C002-1-06,C002,2026-04-20,QR決済,1020
QR-C002-1-14,C002,2026-04-20,QR決済,2080
QR-C002-1-09,C002,2026-04-22,QR決済,1700
QR-C002-1-17,C002,2026-04-23,QR決済,1620
QR-C002-1-18,C002,2026-04-24,QR決済,1330
QR-C002-1-11,C002,2026-04-26,QR決済,860
CARD-C002-1-01,C002,2026-04-26,クレジットカード,5530
QR-C002-1-05,C002,2026-04-28,QR決済,1880
QR-C002-1-00,C002,2026-04-29,QR決済,1010
QR-C002-1-13,C002,2026-04-30,QR決済,2060
QR-C002-1-01,C002,2026-05-02,QR決済,1220
CARD-C002-1-00,C002,2026-05-02,クレジットカード,6440
QR-C002-1-16,C002,2026-05-03,QR決済,950
QR-C002-1-15,C002,2026-05-05,QR決済,1110
CARD-C002-1-04,C002,2026-05-07,クレジットカード,5580
QR-C002-1-02,C002,2026-05-10,QR決済,1900
QR-C002-1-08,C002,2026-05-12,QR決済,750
QR-C002-1-12,C002,2026-05-12,QR決済,1180
QR-C002-1-03,C002,2026-05-13,QR決済,1870
QR-C002-1-07,C002,2026-05-14,QR決済,690
QR-C002-1-20,C002,2026-05-14,QR決済,2234
CARD-C002-1-03,C002,2026-05-14,クレジットカード,5100
CARD-C002-1-02,C002,2026-05-15,クレジットカード,5430
CARD-C002-1-06,C002,2026-05-15,クレジットカード,4080
QR-C002-1-19,C002,2026-05-16,QR決済,1270
CARD-C002-1-05,C002,2026-05-17,クレジットカード,5430
CARD-C002-2-00,C002,2026-05-18,クレジットカード,7680
QR-C002-2-01,C002,2026-05-19,QR決済,1170
QR-C002-2-14,C002,2026-05-19,QR決済,1180
QR-C002-2-06,C002,2026-05-21,QR決済,2140
QR-C002-2-11,C002,2026-05-24,QR決済,700
QR-C002-2-17,C002,2026-05-24,QR決済,814
QR-C002-2-07,C002,2026-05-26,QR決済,950
QR-C002-2-10,C002,2026-05-27,QR決済,1740
QR-C002-2-12,C002,2026-05-29,QR決済,1630
CARD-C002-2-04,C002,2026-05-30,クレジットカード,5160
QR-C002-2-08,C002,2026-06-02,QR決済,2170
QR-C002-2-05,C002,2026-06-03,QR決済,1170
CARD-C002-2-03,C002,2026-06-03,クレジットカード,5440
QR-C002-2-04,C002,2026-06-04,QR決済,1710
QR-C002-2-09,C002,2026-06-07,QR決済,870
CARD-C002-2-02,C002,2026-06-07,クレジットカード,4220
QR-C002-2-16,C002,2026-06-08,QR決済,2070
QR-C002-2-00,C002,2026-06-10,QR決済,950
QR-C002-2-02,C002,2026-06-10,QR決済,560
CARD-C002-2-05,C002,2026-06-10,クレジットカード,6064
CARD-C002-2-01,C002,2026-06-11,クレジットカード,3480
QR-C002-2-15,C002,2026-06-14,QR決済,2110
QR-C002-2-13,C002,2026-06-15,QR決済,880
QR-C002-2-03,C002,2026-06-16,QR決済,2130
QR-C002-3-06,C002,2026-06-18,QR決済,1200
QR-C002-3-07,C002,2026-06-18,QR決済,940
CARD-C002-3-01,C002,2026-06-19,クレジットカード,2570
QR-C002-3-14,C002,2026-06-20,QR決済,950
QR-C002-3-10,C002,2026-06-21,QR決済,1680
QR-C002-3-15,C002,2026-06-21,QR決済,1384
QR-C002-3-02,C002,2026-06-27,QR決済,1260
QR-C002-3-08,C002,2026-06-28,QR決済,2130
QR-C002-3-12,C002,2026-07-04,QR決済,800
CARD-C002-3-03,C002,2026-07-04,クレジットカード,8110
QR-C002-3-01,C002,2026-07-06,QR決済,930
QR-C002-3-05,C002,2026-07-07,QR決済,1500
QR-C002-3-09,C002,2026-07-07,QR決済,1500
QR-C002-3-00,C002,2026-07-08,QR決済,2140
CARD-C002-3-02,C002,2026-07-08,クレジットカード,8700
QR-C002-3-11,C002,2026-07-09,QR決済,1670
CARD-C002-3-00,C002,2026-07-10,クレジットカード,3790
QR-C002-3-04,C002,2026-07-11,QR決済,1850
QR-C002-3-13,C002,2026-07-12,QR決済,1810
CARD-C002-3-04,C002,2026-07-13,クレジットカード,4186
QR-C002-3-03,C002,2026-07-16,QR決済,570
QR-C003-0-12,C003,2026-03-20,QR決済,2080
QR-C003-0-22,C003,2026-03-20,QR決済,1210
QR-C003-0-08,C003,2026-03-21,QR決済,1480
QR-C003-0-02,C003,2026-03-25,QR決済,1440
CARD-C003-0-02,C003,2026-03-25,クレジットカード,6790
CARD-C003-0-07,C003,2026-03-26,クレジットカード,6692
QR-C003-0-13,C003,2026-03-30,QR決済,920
QR-C003-0-19,C003,2026-03-30,QR決済,1480
QR-C003-0-17,C003,2026-04-01,QR決済,2020
QR-C003-0-09,C003,2026-04-02,QR決済,690
QR-C003-0-04,C003,2026-04-03,QR決済,1630
CARD-C003-0-06,C003,2026-04-04,クレジットカード,7260
QR-C003-0-14,C003,2026-04-05,QR決済,1410
CARD-C003-0-03,C003,2026-04-05,クレジットカード,9010
CARD-C003-0-01,C003,2026-04-06,クレジットカード,3400
QR-C003-0-24,C003,2026-04-07,QR決済,707
CARD-C003-0-04,C003,2026-04-07,クレジットカード,3770
QR-C003-0-03,C003,2026-04-08,QR決済,1530
QR-C003-0-11,C003,2026-04-08,QR決済,800
CARD-C003-0-00,C003,2026-04-08,クレジットカード,5960
QR-C003-0-21,C003,2026-04-10,QR決済,1020
QR-C003-0-15,C003,2026-04-11,QR決済,750
CARD-C003-0-05,C003,2026-04-11,クレジットカード,3810
QR-C003-0-10,C003,2026-04-13,QR決済,2020
QR-C003-0-20,C003,2026-04-13,QR決済,1790
QR-C003-0-07,C003,2026-04-14,QR決済,770
QR-C003-0-18,C003,2026-04-14,QR決済,1710
QR-C003-0-23,C003,2026-04-14,QR決済,1620
QR-C003-0-06,C003,2026-04-16,QR決済,1680
QR-C003-0-16,C003,2026-04-16,QR決済,1560
QR-C003-0-00,C003,2026-04-17,QR決済,1250
QR-C003-0-01,C003,2026-04-17,QR決済,1480
QR-C003-0-05,C003,2026-04-17,QR決済,1130
CARD-C003-1-03,C003,2026-04-18,クレジットカード,7790
QR-C003-1-02,C003,2026-04-23,QR決済,730
CARD-C003-1-06,C003,2026-04-23,クレジットカード,5720
QR-C003-1-22,C003,2026-04-25,QR決済,900
CARD-C003-1-05,C003,2026-04-27,クレジットカード,3410
QR-C003-1-00,C003,2026-04-28,QR決済,1080
QR-C003-1-09,C003,2026-04-28,QR決済,940
QR-C003-1-11,C003,2026-04-28,QR決済,1050
QR-C003-1-20,C003,2026-04-28,QR決済,1800
QR-C003-1-07,C003,2026-04-29,QR決済,1910
QR-C003-1-13,C003,2026-04-29,QR決済,920
CARD-C003-1-00,C003,2026-04-29,クレジットカード,4410
CARD-C003-1-07,C003,2026-04-29,クレジットカード,5350
QR-C003-1-14,C003,2026-05-01,QR決済,1950
QR-C003-1-17,C003,2026-05-01,QR決済,1750
QR-C003-1-05,C003,2026-05-02,QR決済,2340
QR-C003-1-03,C003,2026-05-05,QR決済,1150
QR-C003-1-10,C003,2026-05-05,QR決済,1550
QR-C003-1-24,C003,2026-05-05,QR決済,1336
QR-C003-1-23,C003,2026-05-06,QR決済,930
QR-C003-1-04,C003,2026-05-07,QR決済,2310
QR-C003-1-21,C003,2026-05-07,QR決済,2200
CARD-C003-1-01,C003,2026-05-07,クレジットカード,4590
CARD-C003-1-08,C003,2026-05-07,クレジットカード,4018
QR-C003-1-16,C003,2026-05-08,QR決済,790
CARD-C003-1-02,C003,2026-05-08,クレジットカード,5840
QR-C003-1-01,C003,2026-05-09,QR決済,680
QR-C003-1-19,C003,2026-05-11,QR決済,1430
QR-C003-1-15,C003,2026-05-12,QR決済,1350
CARD-C003-1-04,C003,2026-05-12,クレジットカード,6960
QR-C003-1-18,C003,2026-05-14,QR決済,1250
QR-C003-1-12,C003,2026-05-15,QR決済,1730
QR-C003-1-08,C003,2026-05-16,QR決済,1560
QR-C003-1-06,C003,2026-05-17,QR決済,780
CARD-C003-2-03,C003,2026-05-19,クレジットカード,4430
QR-C003-2-10,C003,2026-05-20,QR決済,1370
QR-C003-2-17,C003,2026-05-20,QR決済,1860
CARD-C003-2-00,C003,2026-05-20,クレジットカード,6620
CARD-C003-2-01,C003,2026-05-21,クレジットカード,6510
QR-C003-2-00,C003,2026-05-22,QR決済,880
CARD-C003-2-07,C003,2026-05-22,クレジットカード,2800
QR-C003-2-22,C003,2026-05-23,QR決済,2030
QR-C003-2-15,C003,2026-05-24,QR決済,1920
QR-C003-2-05,C003,2026-05-25,QR決済,1260
QR-C003-2-06,C003,2026-05-25,QR決済,1180
CARD-C003-2-04,C003,2026-05-25,クレジットカード,7210
QR-C003-2-01,C003,2026-05-26,QR決済,1770
QR-C003-2-07,C003,2026-05-26,QR決済,1710
QR-C003-2-09,C003,2026-05-27,QR決済,1500
QR-C003-2-19,C003,2026-05-28,QR決済,980
QR-C003-2-02,C003,2026-05-29,QR決済,2030
QR-C003-2-12,C003,2026-05-30,QR決済,1020
QR-C003-2-21,C003,2026-06-02,QR決済,1430
QR-C003-2-23,C003,2026-06-02,QR決済,790
QR-C003-2-04,C003,2026-06-05,QR決済,2090
QR-C003-2-11,C003,2026-06-05,QR決済,2140
QR-C003-2-13,C003,2026-06-05,QR決済,1020
CARD-C003-2-05,C003,2026-06-06,クレジットカード,3250
QR-C003-2-16,C003,2026-06-10,QR決済,570
QR-C003-2-18,C003,2026-06-10,QR決済,1650
CARD-C003-2-02,C003,2026-06-10,クレジットカード,5480
QR-C003-2-08,C003,2026-06-12,QR決済,2120
QR-C003-2-20,C003,2026-06-12,QR決済,1430
QR-C003-2-24,C003,2026-06-13,QR決済,600
CARD-C003-2-08,C003,2026-06-14,クレジットカード,6088
QR-C003-2-03,C003,2026-06-15,QR決済,950
QR-C003-2-25,C003,2026-06-15,QR決済,1092
QR-C003-2-14,C003,2026-06-16,QR決済,890
CARD-C003-2-06,C003,2026-06-16,クレジットカード,5840
QR-C003-3-02,C003,2026-06-18,QR決済,2120
QR-C003-3-24,C003,2026-06-18,QR決済,820
QR-C003-3-11,C003,2026-06-19,QR決済,1960
QR-C003-3-20,C003,2026-06-19,QR決済,1220
QR-C003-3-01,C003,2026-06-21,QR決済,1550
QR-C003-3-17,C003,2026-06-21,QR決済,1600
QR-C003-3-18,C003,2026-06-21,QR決済,590
CARD-C003-3-06,C003,2026-06-21,クレジットカード,4380
QR-C003-3-00,C003,2026-06-24,QR決済,1750
QR-C003-3-12,C003,2026-06-24,QR決済,1280
CARD-C003-3-01,C003,2026-06-25,クレジットカード,4090
QR-C003-3-14,C003,2026-06-26,QR決済,2050
QR-C003-3-19,C003,2026-06-27,QR決済,1900
QR-C003-3-05,C003,2026-06-29,QR決済,1820
QR-C003-3-16,C003,2026-06-29,QR決済,1680
QR-C003-3-13,C003,2026-06-30,QR決済,2050
QR-C003-3-06,C003,2026-07-01,QR決済,1550
QR-C003-3-21,C003,2026-07-02,QR決済,1090
CARD-C003-3-03,C003,2026-07-02,クレジットカード,7480
QR-C003-3-10,C003,2026-07-03,QR決済,1160
QR-C003-3-25,C003,2026-07-04,QR決済,1444
CARD-C003-3-02,C003,2026-07-04,クレジットカード,4450
QR-C003-3-09,C003,2026-07-05,QR決済,1880
QR-C003-3-22,C003,2026-07-05,QR決済,640
QR-C003-3-08,C003,2026-07-06,QR決済,660
CARD-C003-3-04,C003,2026-07-06,クレジットカード,4200
QR-C003-3-03,C003,2026-07-08,QR決済,1580
CARD-C003-3-09,C003,2026-07-08,クレジットカード,5789
CARD-C003-3-07,C003,2026-07-09,クレジットカード,7060
CARD-C003-3-08,C003,2026-07-09,クレジットカード,3590
QR-C003-3-04,C003,2026-07-10,QR決済,1080
QR-C003-3-23,C003,2026-07-10,QR決済,1490
CARD-C003-3-05,C003,2026-07-10,クレジットカード,5290
QR-C003-3-07,C003,2026-07-11,QR決済,700
CARD-C003-3-00,C003,2026-07-11,クレジットカード,7670
QR-C003-3-15,C003,2026-07-12,QR決済,960
QR-C004-0-18,C004,2026-03-19,QR決済,2360
CARD-C004-0-12,C004,2026-03-19,クレジットカード,3210
QR-C004-0-19,C004,2026-03-20,QR決済,1338
QR-C004-0-10,C004,2026-03-21,QR決済,820
QR-C004-0-03,C004,2026-03-22,QR決済,910
CARD-C004-0-09,C004,2026-03-22,クレジットカード,2370
CARD-C004-0-06,C004,2026-03-23,クレジットカード,2450
CARD-C004-0-10,C004,2026-03-23,クレジットカード,2880
QR-C004-0-11,C004,2026-03-24,QR決済,1740
CARD-C004-0-11,C004,2026-03-24,クレジットカード,1410
QR-C004-0-12,C004,2026-03-25,QR決済,1450
CARD-C004-0-08,C004,2026-03-25,クレジットカード,1100
CARD-C004-0-05,C004,2026-03-27,クレジットカード,2700
CARD-C004-0-16,C004,2026-03-27,クレジットカード,3570
QR-C004-0-05,C004,2026-03-29,QR決済,1480
QR-C004-0-00,C004,2026-03-31,QR決済,850
QR-C004-0-14,C004,2026-04-02,QR決済,2390
QR-C004-0-06,C004,2026-04-03,QR決済,2700
QR-C004-0-01,C004,2026-04-04,QR決済,2200
QR-C004-0-13,C004,2026-04-04,QR決済,2850
QR-C004-0-09,C004,2026-04-05,QR決済,2380
QR-C004-0-15,C004,2026-04-05,QR決済,2880
CARD-C004-0-18,C004,2026-04-06,クレジットカード,1740
QR-C004-0-08,C004,2026-04-07,QR決済,930
CARD-C004-0-14,C004,2026-04-07,クレジットカード,990
CARD-C004-0-15,C004,2026-04-07,クレジットカード,1780
CARD-C004-0-17,C004,2026-04-07,クレジットカード,3540
CARD-C004-0-19,C004,2026-04-07,クレジットカード,2936
CARD-C004-0-02,C004,2026-04-08,クレジットカード,2090
QR-C004-0-02,C004,2026-04-10,QR決済,2400
QR-C004-0-17,C004,2026-04-10,QR決済,2890
CARD-C004-0-04,C004,2026-04-11,クレジットカード,3020
CARD-C004-0-07,C004,2026-04-12,クレジットカード,1340
CARD-C004-0-13,C004,2026-04-12,クレジットカード,1310
CARD-C004-0-00,C004,2026-04-14,クレジットカード,3370
QR-C004-0-07,C004,2026-04-15,QR決済,2290
QR-C004-0-04,C004,2026-04-16,QR決済,1210
CARD-C004-0-01,C004,2026-04-16,クレジットカード,3400
QR-C004-0-16,C004,2026-04-17,QR決済,850
CARD-C004-0-03,C004,2026-04-17,クレジットカード,3400
QR-C004-1-01,C004,2026-04-18,QR決済,1860
CARD-C004-1-03,C004,2026-04-18,クレジットカード,2080
CARD-C004-1-00,C004,2026-04-19,クレジットカード,1690
QR-C004-1-11,C004,2026-04-20,QR決済,2470
CARD-C004-1-13,C004,2026-04-20,クレジットカード,1591
QR-C004-1-05,C004,2026-04-22,QR決済,1470
QR-C004-1-10,C004,2026-04-22,QR決済,1800
CARD-C004-1-10,C004,2026-04-24,クレジットカード,3550
CARD-C004-1-12,C004,2026-04-24,クレジットカード,1410
QR-C004-1-04,C004,2026-04-25,QR決済,1060
CARD-C004-1-07,C004,2026-04-25,クレジットカード,2810
QR-C004-1-03,C004,2026-04-26,QR決済,1570
CARD-C004-1-05,C004,2026-04-26,クレジットカード,2430
QR-C004-1-06,C004,2026-04-28,QR決済,1480
QR-C004-1-08,C004,2026-04-30,QR決済,1230
QR-C004-1-13,C004,2026-04-30,QR決済,2620
CARD-C004-1-01,C004,2026-05-01,クレジットカード,1700
CARD-C004-1-06,C004,2026-05-01,クレジットカード,2510
QR-C004-1-14,C004,2026-05-04,QR決済,2649
QR-C004-1-02,C004,2026-05-05,QR決済,1440
QR-C004-1-09,C004,2026-05-09,QR決済,2830
CARD-C004-1-09,C004,2026-05-09,クレジットカード,2120
QR-C004-1-12,C004,2026-05-11,QR決済,2070
CARD-C004-1-08,C004,2026-05-11,クレジットカード,3130
CARD-C004-1-02,C004,2026-05-12,クレジットカード,3060
CARD-C004-1-11,C004,2026-05-12,クレジットカード,2470
QR-C004-1-00,C004,2026-05-14,QR決済,1250
QR-C004-1-07,C004,2026-05-16,QR決済,2070
CARD-C004-1-04,C004,2026-05-17,クレジットカード,3060
QR-C004-2-00,C004,2026-05-22,QR決済,2770
QR-C004-2-07,C004,2026-05-22,QR決済,2660
QR-C004-2-05,C004,2026-05-24,QR決済,1040
QR-C004-2-08,C004,2026-05-27,QR決済,1420
CARD-C004-2-03,C004,2026-05-28,クレジットカード,2300
CARD-C004-2-01,C004,2026-05-30,クレジットカード,3120
CARD-C004-2-04,C004,2026-05-30,クレジットカード,2470
QR-C004-2-02,C004,2026-06-04,QR決済,2050
CARD-C004-2-09,C004,2026-06-04,クレジットカード,2290
QR-C004-2-01,C004,2026-06-05,QR決済,2020
CARD-C004-2-07,C004,2026-06-05,クレジットカード,1840
CARD-C004-2-05,C004,2026-06-06,クレジットカード,2910
CARD-C004-2-08,C004,2026-06-06,クレジットカード,2690
QR-C004-2-03,C004,2026-06-08,QR決済,1200
QR-C004-2-09,C004,2026-06-09,QR決済,1870
QR-C004-2-10,C004,2026-06-09,QR決済,1148
CARD-C004-2-02,C004,2026-06-10,クレジットカード,1870
CARD-C004-2-06,C004,2026-06-10,クレジットカード,2960
QR-C004-2-04,C004,2026-06-12,QR決済,1230
CARD-C004-2-00,C004,2026-06-13,クレジットカード,1240
QR-C004-2-06,C004,2026-06-14,QR決済,2790
CARD-C004-3-05,C004,2026-06-18,クレジットカード,3040
CARD-C004-3-00,C004,2026-06-24,クレジットカード,2250
CARD-C004-3-03,C004,2026-06-29,クレジットカード,2240
CARD-C004-3-01,C004,2026-07-03,クレジットカード,3170
CARD-C004-3-02,C004,2026-07-04,クレジットカード,2930
CARD-C004-3-06,C004,2026-07-04,クレジットカード,977
CARD-C004-3-04,C004,2026-07-10,クレジットカード,2050
QR-C005-0-13,C005,2026-03-19,QR決済,2430
QR-C005-0-01,C005,2026-03-22,QR決済,3350
QR-C005-0-08,C005,2026-03-23,QR決済,1520
QR-C005-0-02,C005,2026-03-24,QR決済,3950
QR-C005-0-14,C005,2026-03-24,QR決済,2980
CARD-C005-0-00,C005,2026-03-24,クレジットカード,2090
CARD-C005-0-01,C005,2026-03-24,クレジットカード,6700
CARD-C005-0-03,C005,2026-03-28,クレジットカード,6610
QR-C005-0-11,C005,2026-03-29,QR決済,3120
QR-C005-0-09,C005,2026-03-31,QR決済,1910
QR-C005-0-10,C005,2026-04-01,QR決済,3820
QR-C005-0-12,C005,2026-04-02,QR決済,3770
QR-C005-0-15,C005,2026-04-02,QR決済,1293
QR-C005-0-00,C005,2026-04-04,QR決済,2200
QR-C005-0-07,C005,2026-04-05,QR決済,1890
QR-C005-0-04,C005,2026-04-06,QR決済,2350
CARD-C005-0-04,C005,2026-04-07,クレジットカード,3560
CARD-C005-0-02,C005,2026-04-09,クレジットカード,5640
CARD-C005-0-05,C005,2026-04-09,クレジットカード,7070
QR-C005-0-06,C005,2026-04-10,QR決済,3370
CARD-C005-0-06,C005,2026-04-10,クレジットカード,2160
CARD-C005-0-07,C005,2026-04-10,クレジットカード,4227
QR-C005-0-03,C005,2026-04-12,QR決済,1590
QR-C005-0-05,C005,2026-04-16,QR決済,3710
QR-C005-1-09,C005,2026-04-19,QR決済,1520
CARD-C005-1-06,C005,2026-04-20,クレジットカード,2373
QR-C005-1-05,C005,2026-04-23,QR決済,3410
QR-C005-1-11,C005,2026-04-23,QR決済,2600
CARD-C005-1-00,C005,2026-04-27,クレジットカード,5180
QR-C005-1-13,C005,2026-04-28,QR決済,2836
CARD-C005-1-01,C005,2026-04-28,クレジットカード,6250
CARD-C005-1-02,C005,2026-04-29,クレジットカード,2850
QR-C005-1-00,C005,2026-04-30,QR決済,3070
QR-C005-1-06,C005,2026-04-30,QR決済,4130
QR-C005-1-08,C005,2026-04-30,QR決済,3500
CARD-C005-1-04,C005,2026-04-30,クレジットカード,5090
QR-C005-1-03,C005,2026-05-04,QR決済,2620
QR-C005-1-07,C005,2026-05-05,QR決済,3760
QR-C005-1-04,C005,2026-05-07,QR決済,1940
QR-C005-1-01,C005,2026-05-11,QR決済,3480
QR-C005-1-10,C005,2026-05-12,QR決済,1490
QR-C005-1-02,C005,2026-05-13,QR決済,1780
CARD-C005-1-05,C005,2026-05-14,クレジットカード,7050
CARD-C005-1-03,C005,2026-05-16,クレジットカード,4400
QR-C005-1-12,C005,2026-05-17,QR決済,2320
QR-C005-2-02,C005,2026-05-18,QR決済,1640
QR-C005-2-06,C005,2026-05-18,QR決済,2550
QR-C005-2-00,C005,2026-05-22,QR決済,3040
QR-C005-2-01,C005,2026-05-24,QR決済,3360
CARD-C005-2-04,C005,2026-05-24,クレジットカード,2530
QR-C005-2-05,C005,2026-05-26,QR決済,3540
CARD-C005-2-00,C005,2026-05-28,クレジットカード,6060
CARD-C005-2-02,C005,2026-05-31,クレジットカード,2210
QR-C005-2-07,C005,2026-06-01,QR決済,2180
QR-C005-2-08,C005,2026-06-02,QR決済,3730
QR-C005-2-10,C005,2026-06-02,QR決済,3250
CARD-C005-2-01,C005,2026-06-03,クレジットカード,6530
CARD-C005-2-03,C005,2026-06-03,クレジットカード,4460
QR-C005-2-11,C005,2026-06-04,QR決済,1534
QR-C005-2-03,C005,2026-06-06,QR決済,4070
CARD-C005-2-05,C005,2026-06-09,クレジットカード,6608
QR-C005-2-04,C005,2026-06-11,QR決済,1740
QR-C005-2-09,C005,2026-06-14,QR決済,2640
QR-C005-3-05,C005,2026-06-18,QR決済,2490
QR-C005-3-08,C005,2026-06-18,QR決済,1080
CARD-C005-3-00,C005,2026-06-19,クレジットカード,3350
QR-C005-3-07,C005,2026-06-21,QR決済,2960
QR-C005-3-06,C005,2026-06-22,QR決済,2450
QR-C005-3-04,C005,2026-06-23,QR決済,3140
QR-C005-3-10,C005,2026-06-28,QR決済,1942
CARD-C005-3-01,C005,2026-07-02,クレジットカード,2420
QR-C005-3-01,C005,2026-07-04,QR決済,2980
CARD-C005-3-04,C005,2026-07-06,クレジットカード,5316
QR-C005-3-00,C005,2026-07-07,QR決済,3610
QR-C005-3-09,C005,2026-07-07,QR決済,3850
CARD-C005-3-03,C005,2026-07-09,クレジットカード,8110
CARD-C005-3-02,C005,2026-07-10,クレジットカード,5590
QR-C005-3-02,C005,2026-07-13,QR決済,2620
QR-C005-3-03,C005,2026-07-13,QR決済,1740
QR-C006-0-09,C006,2026-03-19,QR決済,2270
QR-C006-0-11,C006,2026-03-19,QR決済,2455
CARD-C006-0-02,C006,2026-03-19,クレジットカード,3440
QR-C006-0-10,C006,2026-03-22,QR決済,2160
QR-C006-0-02,C006,2026-03-24,QR決済,1570
QR-C006-0-08,C006,2026-03-25,QR決済,1170
QR-C006-0-05,C006,2026-03-26,QR決済,2180
CARD-C006-0-00,C006,2026-03-27,クレジットカード,4120
QR-C006-0-07,C006,2026-03-28,QR決済,1740
CARD-C006-0-03,C006,2026-03-29,クレジットカード,6470
CARD-C006-0-04,C006,2026-03-31,クレジットカード,7190
QR-C006-0-00,C006,2026-04-03,QR決済,3210
CARD-C006-0-06,C006,2026-04-05,クレジットカード,4360
QR-C006-0-04,C006,2026-04-07,QR決済,1650
CARD-C006-0-05,C006,2026-04-08,クレジットカード,7760
QR-C006-0-06,C006,2026-04-10,QR決済,3370
QR-C006-0-01,C006,2026-04-13,QR決済,3350
CARD-C006-0-01,C006,2026-04-14,クレジットカード,5520
CARD-C006-0-07,C006,2026-04-14,クレジットカード,8272
QR-C006-0-03,C006,2026-04-16,QR決済,2390
CARD-C006-1-01,C006,2026-04-19,クレジットカード,6980
QR-C006-1-06,C006,2026-04-20,QR決済,1100
CARD-C006-1-04,C006,2026-04-20,クレジットカード,8290
QR-C006-1-01,C006,2026-04-24,QR決済,3290
QR-C006-1-04,C006,2026-04-26,QR決済,2760
CARD-C006-1-02,C006,2026-04-26,クレジットカード,3870
QR-C006-1-03,C006,2026-04-27,QR決済,1570
QR-C006-1-07,C006,2026-04-27,QR決済,1990
QR-C006-1-08,C006,2026-04-27,QR決済,3310
CARD-C006-1-03,C006,2026-05-01,クレジットカード,3350
CARD-C006-1-05,C006,2026-05-03,クレジットカード,4770
QR-C006-1-09,C006,2026-05-04,QR決済,1585
QR-C006-1-00,C006,2026-05-08,QR決済,2320
QR-C006-1-02,C006,2026-05-10,QR決済,3110
CARD-C006-1-00,C006,2026-05-10,クレジットカード,3710
QR-C006-1-05,C006,2026-05-13,QR決済,2180
CARD-C006-1-06,C006,2026-05-16,クレジットカード,8856
QR-C006-2-08,C006,2026-05-19,QR決済,1427
CARD-C006-2-01,C006,2026-05-19,クレジットカード,6280
CARD-C006-2-05,C006,2026-05-20,クレジットカード,3568
CARD-C006-2-03,C006,2026-05-24,クレジットカード,4390
QR-C006-2-01,C006,2026-05-28,QR決済,2970
QR-C006-2-04,C006,2026-06-02,QR決済,1970
QR-C006-2-06,C006,2026-06-02,QR決済,3500
QR-C006-2-03,C006,2026-06-08,QR決済,1800
CARD-C006-2-02,C006,2026-06-11,クレジットカード,10260
QR-C006-2-07,C006,2026-06-12,QR決済,3150
CARD-C006-2-00,C006,2026-06-12,クレジットカード,4560
QR-C006-2-00,C006,2026-06-13,QR決済,2390
QR-C006-2-02,C006,2026-06-16,QR決済,1210
QR-C006-2-05,C006,2026-06-16,QR決済,2440
CARD-C006-2-04,C006,2026-06-16,クレジットカード,5080
QR-C006-3-01,C006,2026-06-18,QR決済,2010
QR-C006-3-04,C006,2026-06-26,QR決済,2150
CARD-C006-3-01,C006,2026-07-02,クレジットカード,3190
QR-C006-3-03,C006,2026-07-03,QR決済,3020
CARD-C006-3-04,C006,2026-07-03,クレジットカード,4645
QR-C006-3-05,C006,2026-07-05,QR決済,1650
QR-C006-3-07,C006,2026-07-08,QR決済,1840
QR-C006-3-00,C006,2026-07-10,QR決済,2410
QR-C006-3-06,C006,2026-07-10,QR決済,2760
CARD-C006-3-02,C006,2026-07-10,クレジットカード,7260
QR-C006-3-02,C006,2026-07-13,QR決済,2370
CARD-C006-3-03,C006,2026-07-14,クレジットカード,7410
CARD-C006-3-00,C006,2026-07-16,クレジットカード,6910
QR-C007-0-08,C007,2026-03-19,QR決済,980
QR-C007-0-01,C007,2026-03-20,QR決済,1740
CARD-C007-0-04,C007,2026-03-21,クレジットカード,3430
QR-C007-0-02,C007,2026-03-22,QR決済,2910
CARD-C007-0-06,C007,2026-03-22,クレジットカード,1760
CARD-C007-0-01,C007,2026-03-24,クレジットカード,1410
QR-C007-0-14,C007,2026-03-25,QR決済,3120
QR-C007-0-16,C007,2026-03-25,QR決済,1738
QR-C007-0-07,C007,2026-03-28,QR決済,1420
QR-C007-0-11,C007,2026-03-28,QR決済,1180
CARD-C007-0-02,C007,2026-03-28,クレジットカード,2680
QR-C007-0-15,C007,2026-03-29,QR決済,3180
CARD-C007-0-13,C007,2026-03-29,クレジットカード,1170
CARD-C007-0-03,C007,2026-03-31,クレジットカード,2000
CARD-C007-0-12,C007,2026-03-31,クレジットカード,3060
CARD-C007-0-00,C007,2026-04-02,クレジットカード,1040
CARD-C007-0-14,C007,2026-04-03,クレジットカード,2430
QR-C007-0-03,C007,2026-04-04,QR決済,1140
QR-C007-0-09,C007,2026-04-06,QR決済,1900
CARD-C007-0-05,C007,2026-04-07,クレジットカード,2350
CARD-C007-0-09,C007,2026-04-07,クレジットカード,2620
QR-C007-0-12,C007,2026-04-08,QR決済,1700
CARD-C007-0-15,C007,2026-04-08,クレジットカード,1720
QR-C007-0-05,C007,2026-04-09,QR決済,2240
CARD-C007-0-07,C007,2026-04-09,クレジットカード,2680
CARD-C007-0-16,C007,2026-04-09,クレジットカード,1148
QR-C007-0-06,C007,2026-04-11,QR決済,3500
QR-C007-0-04,C007,2026-04-12,QR決済,3470
QR-C007-0-10,C007,2026-04-12,QR決済,3160
CARD-C007-0-10,C007,2026-04-12,クレジットカード,2800
CARD-C007-0-08,C007,2026-04-14,クレジットカード,1320
CARD-C007-0-11,C007,2026-04-14,クレジットカード,2730
QR-C007-0-00,C007,2026-04-16,QR決済,1700
QR-C007-0-13,C007,2026-04-16,QR決済,1000
QR-C007-1-09,C007,2026-04-18,QR決済,2740
CARD-C007-1-08,C007,2026-04-18,クレジットカード,2040
QR-C007-1-07,C007,2026-04-19,QR決済,1130
QR-C007-1-13,C007,2026-04-19,QR決済,1540
QR-C007-1-16,C007,2026-04-19,QR決済,1866
CARD-C007-1-16,C007,2026-04-19,クレジットカード,2610
QR-C007-1-00,C007,2026-04-20,QR決済,1700
CARD-C007-1-06,C007,2026-04-20,クレジットカード,2820
QR-C007-1-14,C007,2026-04-21,QR決済,3350
QR-C007-1-08,C007,2026-04-22,QR決済,3090
CARD-C007-1-13,C007,2026-04-22,クレジットカード,3140
QR-C007-1-01,C007,2026-04-27,QR決済,1970
CARD-C007-1-15,C007,2026-04-27,クレジットカード,2920
QR-C007-1-04,C007,2026-04-28,QR決済,1460
CARD-C007-1-05,C007,2026-04-29,クレジットカード,2960
QR-C007-1-15,C007,2026-04-30,QR決済,1990
CARD-C007-1-11,C007,2026-04-30,クレジットカード,2020
CARD-C007-1-02,C007,2026-05-01,クレジットカード,1220
QR-C007-1-06,C007,2026-05-02,QR決済,1960
QR-C007-1-10,C007,2026-05-03,QR決済,1750
CARD-C007-1-10,C007,2026-05-04,クレジットカード,2460
QR-C007-1-05,C007,2026-05-05,QR決済,1560
CARD-C007-1-07,C007,2026-05-06,クレジットカード,2570
QR-C007-1-02,C007,2026-05-07,QR決済,2110
CARD-C007-1-09,C007,2026-05-07,クレジットカード,1620
QR-C007-1-12,C007,2026-05-09,QR決済,2110
CARD-C007-1-03,C007,2026-05-10,クレジットカード,2370
CARD-C007-1-12,C007,2026-05-15,クレジットカード,1400
CARD-C007-1-14,C007,2026-05-15,クレジットカード,1640
QR-C007-1-03,C007,2026-05-16,QR決済,2500
QR-C007-1-11,C007,2026-05-16,QR決済,2210
CARD-C007-1-00,C007,2026-05-17,クレジットカード,1020
CARD-C007-1-01,C007,2026-05-17,クレジットカード,1430
CARD-C007-1-04,C007,2026-05-17,クレジットカード,2820
CARD-C007-2-12,C007,2026-05-18,クレジットカード,1870
CARD-C007-2-15,C007,2026-05-18,クレジットカード,2600
CARD-C007-2-13,C007,2026-05-20,クレジットカード,1870
QR-C007-2-02,C007,2026-05-21,QR決済,2520
QR-C007-2-13,C007,2026-05-22,QR決済,3050
CARD-C007-2-06,C007,2026-05-22,クレジットカード,3120
CARD-C007-2-10,C007,2026-05-22,クレジットカード,1900
CARD-C007-2-11,C007,2026-05-22,クレジットカード,1700
CARD-C007-2-16,C007,2026-05-22,クレジットカード,2110
QR-C007-2-11,C007,2026-05-25,QR決済,2780
QR-C007-2-12,C007,2026-05-25,QR決済,1000
QR-C007-2-17,C007,2026-05-26,QR決済,2756
QR-C007-2-04,C007,2026-05-27,QR決済,2340
CARD-C007-2-07,C007,2026-05-27,クレジットカード,3130
CARD-C007-2-03,C007,2026-05-29,クレジットカード,2710
CARD-C007-2-00,C007,2026-05-30,クレジットカード,1830
CARD-C007-2-05,C007,2026-05-31,クレジットカード,1810
QR-C007-2-01,C007,2026-06-01,QR決済,1760
QR-C007-2-03,C007,2026-06-01,QR決済,2970
QR-C007-2-09,C007,2026-06-01,QR決済,1290
QR-C007-2-10,C007,2026-06-02,QR決済,2650
QR-C007-2-16,C007,2026-06-06,QR決済,1040
QR-C007-2-06,C007,2026-06-07,QR決済,1890
CARD-C007-2-14,C007,2026-06-07,クレジットカード,2290
QR-C007-2-05,C007,2026-06-08,QR決済,2490
CARD-C007-2-09,C007,2026-06-08,クレジットカード,2700
QR-C007-2-00,C007,2026-06-09,QR決済,1020
QR-C007-2-07,C007,2026-06-09,QR決済,1670
CARD-C007-2-17,C007,2026-06-10,クレジットカード,1365
QR-C007-2-08,C007,2026-06-11,QR決済,1620
CARD-C007-2-01,C007,2026-06-13,クレジットカード,2300
CARD-C007-2-04,C007,2026-06-13,クレジットカード,3010
QR-C007-2-14,C007,2026-06-14,QR決済,2670
CARD-C007-2-08,C007,2026-06-14,クレジットカード,1480
QR-C007-2-15,C007,2026-06-15,QR決済,2190
CARD-C007-2-02,C007,2026-06-16,クレジットカード,1010
CARD-C007-3-12,C007,2026-06-18,クレジットカード,1820
CARD-C007-3-13,C007,2026-06-18,クレジットカード,2770
QR-C007-3-03,C007,2026-06-19,QR決済,2380
QR-C007-3-15,C007,2026-06-22,QR決済,1040
QR-C007-3-11,C007,2026-06-24,QR決済,1200
QR-C007-3-13,C007,2026-06-24,QR決済,2230
CARD-C007-3-03,C007,2026-06-24,クレジットカード,1130
CARD-C007-3-06,C007,2026-06-25,クレジットカード,2870
QR-C007-3-05,C007,2026-06-26,QR決済,2890
QR-C007-3-00,C007,2026-06-27,QR決済,2970
CARD-C007-3-11,C007,2026-06-28,クレジットカード,1890
CARD-C007-3-17,C007,2026-06-28,クレジットカード,813
QR-C007-3-08,C007,2026-06-29,QR決済,1930
QR-C007-3-17,C007,2026-06-29,QR決済,2688
QR-C007-3-10,C007,2026-06-30,QR決済,1890
CARD-C007-3-07,C007,2026-06-30,クレジットカード,2950
QR-C007-3-07,C007,2026-07-01,QR決済,870
QR-C007-3-16,C007,2026-07-02,QR決済,2740
CARD-C007-3-00,C007,2026-07-02,クレジットカード,2930
CARD-C007-3-15,C007,2026-07-02,クレジットカード,1340
CARD-C007-3-05,C007,2026-07-03,クレジットカード,2740
QR-C007-3-01,C007,2026-07-04,QR決済,1730
QR-C007-3-06,C007,2026-07-04,QR決済,1870
QR-C007-3-14,C007,2026-07-04,QR決済,1100
CARD-C007-3-09,C007,2026-07-04,クレジットカード,3040
QR-C007-3-09,C007,2026-07-05,QR決済,1630
CARD-C007-3-10,C007,2026-07-05,クレジットカード,2300
CARD-C007-3-14,C007,2026-07-05,クレジットカード,1730
QR-C007-3-12,C007,2026-07-06,QR決済,2620
QR-C007-3-02,C007,2026-07-07,QR決済,2460
CARD-C007-3-04,C007,2026-07-09,クレジットカード,1130
CARD-C007-3-16,C007,2026-07-09,クレジットカード,1820
CARD-C007-3-02,C007,2026-07-10,クレジットカード,3140
QR-C007-3-04,C007,2026-07-12,QR決済,2670
CARD-C007-3-01,C007,2026-07-14,クレジットカード,2380
CARD-C007-3-08,C007,2026-07-16,クレジットカード,2470
QR-C009-0-01,C009,2026-03-19,QR決済,1930
CARD-C009-0-00,C009,2026-03-19,クレジットカード,5400
CARD-C009-0-02,C009,2026-03-19,クレジットカード,5930
CARD-C009-0-05,C009,2026-03-19,クレジットカード,6490
QR-C009-0-16,C009,2026-03-20,QR決済,2290
CARD-C009-0-04,C009,2026-03-21,クレジットカード,5910
CARD-C009-0-07,C009,2026-03-22,クレジットカード,5950
CARD-C009-0-09,C009,2026-03-22,クレジットカード,3820
QR-C009-0-15,C009,2026-03-24,QR決済,970
QR-C009-0-13,C009,2026-03-28,QR決済,2550
QR-C009-0-14,C009,2026-03-28,QR決済,3070
QR-C009-0-09,C009,2026-03-29,QR決済,980
QR-C009-0-11,C009,2026-03-30,QR決済,1000
QR-C009-0-10,C009,2026-04-01,QR決済,2900
CARD-C009-0-06,C009,2026-04-01,クレジットカード,5020
QR-C009-0-03,C009,2026-04-02,QR決済,1130
QR-C009-0-02,C009,2026-04-03,QR決済,2430
QR-C009-0-06,C009,2026-04-03,QR決済,3120
QR-C009-0-04,C009,2026-04-04,QR決済,2520
CARD-C009-0-08,C009,2026-04-04,クレジットカード,7810
QR-C009-0-07,C009,2026-04-06,QR決済,2640
QR-C009-0-19,C009,2026-04-07,QR決済,910
CARD-C009-0-01,C009,2026-04-09,クレジットカード,4670
QR-C009-0-17,C009,2026-04-10,QR決済,2680
QR-C009-0-08,C009,2026-04-11,QR決済,1890
QR-C009-0-20,C009,2026-04-11,QR決済,1597
QR-C009-0-00,C009,2026-04-12,QR決済,1060
QR-C009-0-12,C009,2026-04-13,QR決済,1910
CARD-C009-0-03,C009,2026-04-14,クレジットカード,3380
QR-C009-0-05,C009,2026-04-16,QR決済,3120
QR-C009-0-18,C009,2026-04-17,QR決済,1530
CARD-C009-1-05,C009,2026-04-21,クレジットカード,7360
CARD-C009-1-07,C009,2026-04-21,クレジットカード,7176
QR-C009-1-05,C009,2026-04-22,QR決済,2350
QR-C009-1-01,C009,2026-04-23,QR決済,2890
QR-C009-1-10,C009,2026-04-23,QR決済,2120
QR-C009-1-16,C009,2026-04-23,QR決済,1580
CARD-C009-1-02,C009,2026-04-24,クレジットカード,8180
QR-C009-1-14,C009,2026-04-25,QR決済,1520
QR-C009-1-11,C009,2026-04-26,QR決済,1190
QR-C009-1-08,C009,2026-04-29,QR決済,2770
QR-C009-1-07,C009,2026-05-02,QR決済,1620
QR-C009-1-15,C009,2026-05-03,QR決済,2460
QR-C009-1-18,C009,2026-05-04,QR決済,2769
QR-C009-1-03,C009,2026-05-06,QR決済,2490
QR-C009-1-00,C009,2026-05-07,QR決済,1650
CARD-C009-1-03,C009,2026-05-07,クレジットカード,4520
CARD-C009-1-04,C009,2026-05-08,クレジットカード,2840
QR-C009-1-06,C009,2026-05-09,QR決済,2560
QR-C009-1-13,C009,2026-05-10,QR決済,2890
CARD-C009-1-06,C009,2026-05-10,クレジットカード,3020
QR-C009-1-04,C009,2026-05-11,QR決済,2360
QR-C009-1-09,C009,2026-05-13,QR決済,930
QR-C009-1-12,C009,2026-05-13,QR決済,1060
QR-C009-1-17,C009,2026-05-13,QR決済,1530
CARD-C009-1-01,C009,2026-05-14,クレジットカード,5290
CARD-C009-1-00,C009,2026-05-16,クレジットカード,7870
QR-C009-1-02,C009,2026-05-17,QR決済,1540
QR-C009-2-03,C009,2026-05-19,QR決済,1150
QR-C009-2-02,C009,2026-05-21,QR決済,1010
CARD-C009-2-00,C009,2026-05-21,クレジットカード,3010
QR-C009-2-04,C009,2026-05-23,QR決済,3050
CARD-C009-2-02,C009,2026-05-23,クレジットカード,5080
QR-C009-2-14,C009,2026-05-25,QR決済,1630
CARD-C009-2-03,C009,2026-05-26,クレジットカード,7860
QR-C009-2-08,C009,2026-05-27,QR決済,2660
CARD-C009-2-04,C009,2026-05-27,クレジットカード,7030
QR-C009-2-06,C009,2026-05-30,QR決済,2000
QR-C009-2-15,C009,2026-05-30,QR決済,2336
QR-C009-2-05,C009,2026-06-01,QR決済,1170
CARD-C009-2-05,C009,2026-06-01,クレジットカード,8140
QR-C009-2-07,C009,2026-06-02,QR決済,3190
QR-C009-2-09,C009,2026-06-02,QR決済,1370
QR-C009-2-13,C009,2026-06-04,QR決済,2570
CARD-C009-2-06,C009,2026-06-08,クレジットカード,3712
CARD-C009-2-01,C009,2026-06-09,クレジットカード,6720
QR-C009-2-10,C009,2026-06-10,QR決済,1860
QR-C009-2-00,C009,2026-06-11,QR決済,2880
QR-C009-2-11,C009,2026-06-11,QR決済,2340
QR-C009-2-01,C009,2026-06-13,QR決済,1630
QR-C009-2-12,C009,2026-06-16,QR決済,1310
QR-C009-3-11,C009,2026-06-20,QR決済,1050
CARD-C009-3-04,C009,2026-06-22,クレジットカード,4530
QR-C009-3-06,C009,2026-06-25,QR決済,2760
QR-C009-3-08,C009,2026-06-25,QR決済,1580
QR-C009-3-09,C009,2026-06-25,QR決済,2110
QR-C009-3-12,C009,2026-06-25,QR決済,2110
CARD-C009-3-03,C009,2026-06-25,クレジットカード,3640
QR-C009-3-07,C009,2026-06-27,QR決済,1750
CARD-C009-3-02,C009,2026-06-27,クレジットカード,7490
QR-C009-3-01,C009,2026-06-30,QR決済,1770
QR-C009-3-02,C009,2026-07-06,QR決済,1450
QR-C009-3-04,C009,2026-07-07,QR決済,1870
QR-C009-3-13,C009,2026-07-07,QR決済,1670
CARD-C009-3-00,C009,2026-07-11,クレジットカード,7570
CARD-C009-3-01,C009,2026-07-11,クレジットカード,5800
CARD-C009-3-05,C009,2026-07-11,クレジットカード,7372
QR-C009-3-10,C009,2026-07-12,QR決済,3150
QR-C009-3-00,C009,2026-07-14,QR決済,2480
QR-C009-3-05,C009,2026-07-14,QR決済,1520
QR-C009-3-03,C009,2026-07-16,QR決済,2110
QR-C011-0-15,C011,2026-03-19,QR決済,1631
QR-C011-0-07,C011,2026-03-20,QR決済,2290
QR-C011-0-08,C011,2026-03-21,QR決済,2440
QR-C011-0-09,C011,2026-03-21,QR決済,3740
CARD-C011-0-03,C011,2026-03-21,クレジットカード,4900
QR-C011-0-01,C011,2026-03-22,QR決済,3290
QR-C011-0-06,C011,2026-03-22,QR決済,1770
CARD-C011-0-08,C011,2026-03-25,クレジットカード,2434
QR-C011-0-05,C011,2026-03-27,QR決済,3820
QR-C011-0-12,C011,2026-03-27,QR決済,2450
CARD-C011-0-01,C011,2026-03-30,クレジットカード,3440
QR-C011-0-03,C011,2026-04-02,QR決済,1970
QR-C011-0-14,C011,2026-04-02,QR決済,3270
CARD-C011-0-06,C011,2026-04-02,クレジットカード,3490
CARD-C011-0-02,C011,2026-04-03,クレジットカード,2960
QR-C011-0-10,C011,2026-04-06,QR決済,2800
QR-C011-0-00,C011,2026-04-08,QR決済,1210
CARD-C011-0-05,C011,2026-04-08,クレジットカード,5490
QR-C011-0-04,C011,2026-04-10,QR決済,1170
CARD-C011-0-00,C011,2026-04-10,クレジットカード,6040
QR-C011-0-11,C011,2026-04-11,QR決済,1520
CARD-C011-0-07,C011,2026-04-11,クレジットカード,3990
QR-C011-0-13,C011,2026-04-12,QR決済,1410
CARD-C011-0-04,C011,2026-04-16,クレジットカード,7180
QR-C011-0-02,C011,2026-04-17,QR決済,2120
QR-C011-1-10,C011,2026-04-18,QR決済,3040
CARD-C011-1-06,C011,2026-04-18,クレジットカード,4930
QR-C011-1-07,C011,2026-04-20,QR決済,2960
QR-C011-1-09,C011,2026-04-25,QR決済,2030
CARD-C011-1-00,C011,2026-04-27,クレジットカード,2680
QR-C011-1-01,C011,2026-04-30,QR決済,1150
QR-C011-1-11,C011,2026-04-30,QR決済,1975
QR-C011-1-00,C011,2026-05-01,QR決済,2940
CARD-C011-1-05,C011,2026-05-02,クレジットカード,2240
CARD-C011-1-01,C011,2026-05-03,クレジットカード,2980
QR-C011-1-08,C011,2026-05-05,QR決済,2170
CARD-C011-1-02,C011,2026-05-05,クレジットカード,5950
QR-C011-1-03,C011,2026-05-11,QR決済,3030
QR-C011-1-04,C011,2026-05-12,QR決済,2390
QR-C011-1-05,C011,2026-05-13,QR決済,1430
QR-C011-1-06,C011,2026-05-13,QR決済,2470
CARD-C011-1-04,C011,2026-05-13,クレジットカード,4650
CARD-C011-1-03,C011,2026-05-14,クレジットカード,5240
QR-C011-1-02,C011,2026-05-15,QR決済,2330
QR-C011-2-01,C011,2026-05-20,QR決済,2800
QR-C011-2-06,C011,2026-05-20,QR決済,2460
QR-C011-2-05,C011,2026-05-28,QR決済,1680
QR-C011-2-02,C011,2026-05-29,QR決済,1980
QR-C011-2-08,C011,2026-06-01,QR決済,2339
CARD-C011-2-04,C011,2026-06-01,クレジットカード,3530
CARD-C011-2-03,C011,2026-06-03,クレジットカード,2940
QR-C011-2-03,C011,2026-06-04,QR決済,2190
QR-C011-2-00,C011,2026-06-07,QR決済,3130
CARD-C011-2-01,C011,2026-06-07,クレジットカード,3040
CARD-C011-2-02,C011,2026-06-08,クレジットカード,8760
CARD-C011-2-00,C011,2026-06-12,クレジットカード,2890
QR-C011-2-07,C011,2026-06-13,QR決済,1780
QR-C011-2-04,C011,2026-06-14,QR決済,3080
CARD-C011-3-02,C011,2026-06-24,クレジットカード,3971
CARD-C011-3-01,C011,2026-07-05,クレジットカード,5490
CARD-C011-3-00,C011,2026-07-10,クレジットカード,5810
CARD-C012-0-09,C012,2026-03-19,クレジットカード,2360
CARD-C012-0-00,C012,2026-03-20,クレジットカード,3600
CARD-C012-0-03,C012,2026-03-20,クレジットカード,1800
QR-C012-0-03,C012,2026-03-21,QR決済,2550
QR-C012-0-13,C012,2026-03-21,QR決済,2040
QR-C012-0-06,C012,2026-03-22,QR決済,980
QR-C012-0-07,C012,2026-03-22,QR決済,2670
CARD-C012-0-01,C012,2026-03-22,クレジットカード,4610
QR-C012-0-00,C012,2026-03-24,QR決済,3240
CARD-C012-0-06,C012,2026-03-24,クレジットカード,3460
CARD-C012-0-07,C012,2026-03-24,クレジットカード,2190
QR-C012-0-12,C012,2026-03-26,QR決済,2910
QR-C012-0-08,C012,2026-04-03,QR決済,1200
CARD-C012-0-10,C012,2026-04-03,クレジットカード,4030
CARD-C012-0-11,C012,2026-04-04,クレジットカード,3866
CARD-C012-0-05,C012,2026-04-05,クレジットカード,1330
QR-C012-0-02,C012,2026-04-06,QR決済,1220
QR-C012-0-09,C012,2026-04-07,QR決済,1300
QR-C012-0-11,C012,2026-04-07,QR決済,1650
CARD-C012-0-02,C012,2026-04-11,クレジットカード,2860
QR-C012-0-10,C012,2026-04-13,QR決済,990
CARD-C012-0-08,C012,2026-04-13,クレジットカード,2720
QR-C012-0-01,C012,2026-04-14,QR決済,950
QR-C012-0-04,C012,2026-04-14,QR決済,2070
QR-C012-0-05,C012,2026-04-14,QR決済,3230
CARD-C012-0-04,C012,2026-04-17,クレジットカード,3550
CARD-C012-1-09,C012,2026-04-19,クレジットカード,2480
CARD-C012-1-05,C012,2026-04-20,クレジットカード,2000
QR-C012-1-00,C012,2026-04-21,QR決済,2340
QR-C012-1-02,C012,2026-04-22,QR決済,2360
QR-C012-1-05,C012,2026-04-23,QR決済,1350
QR-C012-1-09,C012,2026-04-23,QR決済,2410
CARD-C012-1-01,C012,2026-04-24,クレジットカード,4620
QR-C012-1-11,C012,2026-04-25,QR決済,2260
CARD-C012-1-04,C012,2026-04-25,クレジットカード,2480
QR-C012-1-01,C012,2026-04-26,QR決済,1570
QR-C012-1-07,C012,2026-04-29,QR決済,1870
CARD-C012-1-02,C012,2026-04-30,クレジットカード,3970
QR-C012-1-04,C012,2026-05-01,QR決済,2080
CARD-C012-1-11,C012,2026-05-01,クレジットカード,4038
QR-C012-1-10,C012,2026-05-02,QR決済,2320
CARD-C012-1-06,C012,2026-05-03,クレジットカード,3800
CARD-C012-1-08,C012,2026-05-03,クレジットカード,4180
QR-C012-1-08,C012,2026-05-05,QR決済,970
QR-C012-1-13,C012,2026-05-06,QR決済,1389
CARD-C012-1-07,C012,2026-05-06,クレジットカード,2480
QR-C012-1-06,C012,2026-05-10,QR決済,2700
QR-C012-1-03,C012,2026-05-12,QR決済,2710
CARD-C012-1-00,C012,2026-05-15,クレジットカード,1690
CARD-C012-1-03,C012,2026-05-16,クレジットカード,3480
CARD-C012-1-10,C012,2026-05-16,クレジットカード,1620
QR-C012-1-12,C012,2026-05-17,QR決済,1910
QR-C012-2-03,C012,2026-05-22,QR決済,2500
QR-C012-2-05,C012,2026-05-22,QR決済,920
QR-C012-2-12,C012,2026-05-23,QR決済,1980
CARD-C012-2-04,C012,2026-05-23,クレジットカード,1800
CARD-C012-2-11,C012,2026-05-23,クレジットカード,1510
QR-C012-2-04,C012,2026-05-24,QR決済,2930
QR-C012-2-11,C012,2026-05-25,QR決済,3220
CARD-C012-2-07,C012,2026-05-25,クレジットカード,5030
QR-C012-2-07,C012,2026-05-26,QR決済,900
CARD-C012-2-09,C012,2026-05-27,クレジットカード,1770
CARD-C012-2-06,C012,2026-05-28,クレジットカード,3710
QR-C012-2-10,C012,2026-05-31,QR決済,2600
CARD-C012-2-03,C012,2026-05-31,クレジットカード,2770
QR-C012-2-09,C012,2026-06-01,QR決済,1120
CARD-C012-2-01,C012,2026-06-01,クレジットカード,4850
CARD-C012-2-02,C012,2026-06-01,クレジットカード,3030
QR-C012-2-01,C012,2026-06-02,QR決済,1140
QR-C012-2-08,C012,2026-06-03,QR決済,1350
QR-C012-2-13,C012,2026-06-06,QR決済,3013
CARD-C012-2-10,C012,2026-06-06,クレジットカード,3940
QR-C012-2-06,C012,2026-06-07,QR決済,2170
QR-C012-2-02,C012,2026-06-09,QR決済,3120
QR-C012-2-00,C012,2026-06-11,QR決済,990
CARD-C012-2-05,C012,2026-06-11,クレジットカード,4050
CARD-C012-2-12,C012,2026-06-12,クレジットカード,1795
CARD-C012-2-00,C012,2026-06-14,クレジットカード,1840
CARD-C012-2-08,C012,2026-06-15,クレジットカード,2060
QR-C012-3-09,C012,2026-06-18,QR決済,1140
QR-C012-3-11,C012,2026-06-20,QR決済,2860
QR-C012-3-13,C012,2026-06-21,QR決済,2596
CARD-C012-3-12,C012,2026-06-21,クレジットカード,1259
QR-C012-3-07,C012,2026-06-23,QR決済,1640
QR-C012-3-10,C012,2026-06-23,QR決済,2880
QR-C012-3-02,C012,2026-06-24,QR決済,2290
CARD-C012-3-03,C012,2026-06-24,クレジットカード,3230
CARD-C012-3-04,C012,2026-06-24,クレジットカード,3140
CARD-C012-3-08,C012,2026-06-24,クレジットカード,4240
QR-C012-3-08,C012,2026-06-25,QR決済,1940
CARD-C012-3-05,C012,2026-06-27,クレジットカード,2000
CARD-C012-3-00,C012,2026-06-30,クレジットカード,4000
CARD-C012-3-06,C012,2026-06-30,クレジットカード,2640
QR-C012-3-03,C012,2026-07-01,QR決済,2060
QR-C012-3-01,C012,2026-07-03,QR決済,2030
QR-C012-3-00,C012,2026-07-04,QR決済,2230
CARD-C012-3-07,C012,2026-07-05,クレジットカード,3030
CARD-C012-3-11,C012,2026-07-05,クレジットカード,2820
QR-C012-3-05,C012,2026-07-07,QR決済,2530
QR-C012-3-06,C012,2026-07-08,QR決済,1380
CARD-C012-3-01,C012,2026-07-10,クレジットカード,4560
QR-C012-3-04,C012,2026-07-11,QR決済,920
QR-C012-3-12,C012,2026-07-12,QR決済,2080
CARD-C012-3-02,C012,2026-07-14,クレジットカード,4390
CARD-C012-3-09,C012,2026-07-15,クレジットカード,1950
CARD-C012-3-10,C012,2026-07-16,クレジットカード,2860
QR-C013-0-08,C013,2026-03-19,QR決済,1890
QR-C013-0-07,C013,2026-03-21,QR決済,1970
CARD-C013-0-01,C013,2026-03-21,クレジットカード,5620
CARD-C013-0-06,C013,2026-03-21,クレジットカード,7110
CARD-C013-0-07,C013,2026-03-21,クレジットカード,6351
QR-C013-0-02,C013,2026-03-23,QR決済,1950
QR-C013-0-12,C013,2026-03-24,QR決済,2150
QR-C013-0-01,C013,2026-03-25,QR決済,3200
CARD-C013-0-02,C013,2026-03-25,クレジットカード,4810
QR-C013-0-05,C013,2026-03-26,QR決済,2770
QR-C013-0-04,C013,2026-03-28,QR決済,3440
QR-C013-0-11,C013,2026-03-28,QR決済,1120
QR-C013-0-03,C013,2026-03-30,QR決済,980
QR-C013-0-00,C013,2026-04-01,QR決済,3240
QR-C013-0-14,C013,2026-04-02,QR決済,2820
CARD-C013-0-05,C013,2026-04-02,クレジットカード,6300
QR-C013-0-09,C013,2026-04-03,QR決済,2970
QR-C013-0-06,C013,2026-04-08,QR決済,2170
QR-C013-0-10,C013,2026-04-09,QR決済,2670
QR-C013-0-13,C013,2026-04-10,QR決済,1080
QR-C013-0-15,C013,2026-04-15,QR決済,2677
CARD-C013-0-00,C013,2026-04-16,クレジットカード,5800
CARD-C013-0-03,C013,2026-04-16,クレジットカード,3480
CARD-C013-0-04,C013,2026-04-16,クレジットカード,5300
CARD-C013-1-05,C013,2026-04-18,クレジットカード,3890
QR-C013-1-01,C013,2026-04-19,QR決済,2500
CARD-C013-1-00,C013,2026-04-22,クレジットカード,6320
QR-C013-1-11,C013,2026-04-24,QR決済,2620
CARD-C013-1-02,C013,2026-04-24,クレジットカード,11280
QR-C013-1-05,C013,2026-04-26,QR決済,2820
QR-C013-1-02,C013,2026-04-27,QR決済,3570
CARD-C013-1-06,C013,2026-04-27,クレジットカード,4201
QR-C013-1-03,C013,2026-05-01,QR決済,2170
QR-C013-1-00,C013,2026-05-04,QR決済,2460
CARD-C013-1-03,C013,2026-05-04,クレジットカード,3580
QR-C013-1-08,C013,2026-05-05,QR決済,2620
QR-C013-1-09,C013,2026-05-06,QR決済,2830
QR-C013-1-07,C013,2026-05-07,QR決済,3280
CARD-C013-1-04,C013,2026-05-08,クレジットカード,4350
QR-C013-1-13,C013,2026-05-09,QR決済,2787
QR-C013-1-06,C013,2026-05-10,QR決済,1410
QR-C013-1-04,C013,2026-05-12,QR決済,1290
QR-C013-1-10,C013,2026-05-13,QR決済,910
QR-C013-1-12,C013,2026-05-13,QR決済,1960
CARD-C013-1-01,C013,2026-05-15,クレジットカード,4470
CARD-C013-2-00,C013,2026-05-18,クレジットカード,4560
CARD-C013-2-04,C013,2026-05-18,クレジットカード,4580
QR-C013-2-02,C013,2026-05-20,QR決済,3110
CARD-C013-2-03,C013,2026-05-20,クレジットカード,4910
QR-C013-2-11,C013,2026-05-21,QR決済,1471
QR-C013-2-07,C013,2026-05-22,QR決済,1290
QR-C013-2-06,C013,2026-05-24,QR決済,3550
CARD-C013-2-02,C013,2026-05-24,クレジットカード,7690
QR-C013-2-09,C013,2026-05-25,QR決済,2770
CARD-C013-2-01,C013,2026-05-27,クレジットカード,6170
QR-C013-2-08,C013,2026-05-28,QR決済,2030
QR-C013-2-00,C013,2026-06-04,QR決済,1200
QR-C013-2-03,C013,2026-06-04,QR決済,1130
QR-C013-2-10,C013,2026-06-04,QR決済,2030
QR-C013-2-01,C013,2026-06-09,QR決済,3530
QR-C013-2-04,C013,2026-06-09,QR決済,3720
QR-C013-2-05,C013,2026-06-11,QR決済,2930
CARD-C013-2-05,C013,2026-06-14,クレジットカード,6505
QR-C013-3-00,C013,2026-06-18,QR決済,2280
QR-C013-3-01,C013,2026-06-19,QR決済,2490
QR-C013-3-09,C013,2026-06-20,QR決済,1940
CARD-C013-3-03,C013,2026-06-27,クレジットカード,4280
QR-C013-3-02,C013,2026-06-28,QR決済,2520
QR-C013-3-03,C013,2026-06-28,QR決済,2800
QR-C013-3-04,C013,2026-07-01,QR決済,2410
QR-C013-3-05,C013,2026-07-02,QR決済,2520
QR-C013-3-10,C013,2026-07-02,QR決済,1761
CARD-C013-3-04,C013,2026-07-02,クレジットカード,5836
QR-C013-3-06,C013,2026-07-03,QR決済,2540
QR-C013-3-07,C013,2026-07-03,QR決済,1520
CARD-C013-3-00,C013,2026-07-07,クレジットカード,7260
CARD-C013-3-01,C013,2026-07-07,クレジットカード,7470
CARD-C013-3-02,C013,2026-07-12,クレジットカード,5450
QR-C013-3-08,C013,2026-07-13,QR決済,2860
CARD-C014-0-07,C014,2026-03-19,クレジットカード,4290
QR-C014-0-05,C014,2026-03-20,QR決済,1750
CARD-C014-0-08,C014,2026-03-21,クレジットカード,6120
QR-C014-0-06,C014,2026-03-23,QR決済,4230
CARD-C014-0-06,C014,2026-03-25,クレジットカード,4490
CARD-C014-0-01,C014,2026-03-26,クレジットカード,6580
CARD-C014-0-05,C014,2026-03-27,クレジットカード,3600
QR-C014-0-02,C014,2026-03-28,QR決済,4420
QR-C014-0-08,C014,2026-03-28,QR決済,2237
QR-C014-0-01,C014,2026-03-30,QR決済,3880
QR-C014-0-07,C014,2026-03-30,QR決済,1900
QR-C014-0-00,C014,2026-04-03,QR決済,3490
CARD-C014-0-00,C014,2026-04-04,クレジットカード,2430
CARD-C014-0-09,C014,2026-04-05,クレジットカード,3434
QR-C014-0-03,C014,2026-04-12,QR決済,2930
CARD-C014-0-04,C014,2026-04-12,クレジットカード,6180
CARD-C014-0-02,C014,2026-04-13,クレジットカード,2930
QR-C014-0-04,C014,2026-04-15,QR決済,2400
CARD-C014-0-03,C014,2026-04-17,クレジットカード,2330
CARD-C014-1-08,C014,2026-04-18,クレジットカード,1790
QR-C014-1-02,C014,2026-04-19,QR決済,4000
QR-C014-1-01,C014,2026-04-21,QR決済,1590
QR-C014-1-05,C014,2026-04-22,QR決済,4150
CARD-C014-1-01,C014,2026-04-22,クレジットカード,4660
QR-C014-1-09,C014,2026-04-23,QR決済,1535
QR-C014-1-00,C014,2026-04-25,QR決済,2510
QR-C014-1-07,C014,2026-04-26,QR決済,3260
CARD-C014-1-09,C014,2026-04-27,クレジットカード,4607
QR-C014-1-03,C014,2026-04-28,QR決済,3320
QR-C014-1-08,C014,2026-04-29,QR決済,3180
CARD-C014-1-05,C014,2026-04-29,クレジットカード,3800
CARD-C014-1-07,C014,2026-04-29,クレジットカード,3890
CARD-C014-1-00,C014,2026-04-30,クレジットカード,5450
CARD-C014-1-06,C014,2026-04-30,クレジットカード,4320
CARD-C014-1-04,C014,2026-05-01,クレジットカード,3350
QR-C014-1-06,C014,2026-05-02,QR決済,3730
QR-C014-1-04,C014,2026-05-06,QR決済,1970
CARD-C014-1-02,C014,2026-05-10,クレジットカード,5950
CARD-C014-1-03,C014,2026-05-15,クレジットカード,6030
QR-C014-2-08,C014,2026-05-18,QR決済,1620
QR-C014-2-03,C014,2026-05-22,QR決済,4670
QR-C014-2-07,C014,2026-05-22,QR決済,3090
CARD-C014-2-06,C014,2026-05-22,クレジットカード,5850
QR-C014-2-06,C014,2026-05-28,QR決済,4670
CARD-C014-2-02,C014,2026-05-31,クレジットカード,4240
CARD-C014-2-05,C014,2026-05-31,クレジットカード,6650
QR-C014-2-04,C014,2026-06-01,QR決済,1720
QR-C014-2-01,C014,2026-06-02,QR決済,3710
CARD-C014-2-08,C014,2026-06-05,クレジットカード,4230
CARD-C014-2-09,C014,2026-06-06,クレジットカード,2718
QR-C014-2-09,C014,2026-06-10,QR決済,1272
CARD-C014-2-00,C014,2026-06-10,クレジットカード,3690
CARD-C014-2-03,C014,2026-06-10,クレジットカード,4870
QR-C014-2-02,C014,2026-06-11,QR決済,3560
CARD-C014-2-07,C014,2026-06-13,クレジットカード,4080
CARD-C014-2-01,C014,2026-06-15,クレジットカード,3490
CARD-C014-2-04,C014,2026-06-15,クレジットカード,2990
QR-C014-2-00,C014,2026-06-16,QR決済,1920
QR-C014-2-05,C014,2026-06-16,QR決済,2790
QR-C014-3-06,C014,2026-06-20,QR決済,2960
CARD-C014-3-03,C014,2026-06-22,クレジットカード,6400
CARD-C014-3-01,C014,2026-06-25,クレジットカード,2880
QR-C014-3-04,C014,2026-06-27,QR決済,3340
CARD-C014-3-02,C014,2026-06-30,クレジットカード,4300
QR-C014-3-03,C014,2026-07-01,QR決済,1710
CARD-C014-3-05,C014,2026-07-01,クレジットカード,2130
QR-C014-3-08,C014,2026-07-02,QR決済,2720
CARD-C014-3-04,C014,2026-07-04,クレジットカード,7030
CARD-C014-3-07,C014,2026-07-05,クレジットカード,5800
QR-C014-3-05,C014,2026-07-09,QR決済,3540
CARD-C014-3-06,C014,2026-07-09,クレジットカード,6890
QR-C014-3-00,C014,2026-07-10,QR決済,2390
QR-C014-3-07,C014,2026-07-10,QR決済,3610
CARD-C014-3-08,C014,2026-07-11,クレジットカード,2250
QR-C014-3-09,C014,2026-07-15,QR決済,3078
QR-C014-3-01,C014,2026-07-16,QR決済,2290
QR-C014-3-02,C014,2026-07-16,QR決済,2670
CARD-C014-3-00,C014,2026-07-16,クレジットカード,2230
CARD-C014-3-09,C014,2026-07-16,クレジットカード,3954
QR-C015-0-03,C015,2026-03-19,QR決済,1310
QR-C015-0-08,C015,2026-03-20,QR決済,1320
QR-C015-0-17,C015,2026-03-20,QR決済,1810
QR-C015-0-24,C015,2026-03-20,QR決済,1960
QR-C015-0-30,C015,2026-03-21,QR決済,1420
CARD-C015-0-00,C015,2026-03-21,クレジットカード,3910
CARD-C015-0-12,C015,2026-03-21,クレジットカード,3400
CARD-C015-0-01,C015,2026-03-22,クレジットカード,2750
CARD-C015-0-07,C015,2026-03-22,クレジットカード,4460
QR-C015-0-09,C015,2026-03-23,QR決済,1180
QR-C015-0-14,C015,2026-03-23,QR決済,1730
CARD-C015-0-02,C015,2026-03-23,クレジットカード,5240
QR-C015-0-06,C015,2026-03-24,QR決済,1730
QR-C015-0-16,C015,2026-03-24,QR決済,1460
CARD-C015-0-11,C015,2026-03-24,クレジットカード,1930
QR-C015-0-32,C015,2026-03-25,QR決済,1520
QR-C015-0-05,C015,2026-03-27,QR決済,1720
QR-C015-0-18,C015,2026-03-27,QR決済,1110
QR-C015-0-25,C015,2026-03-28,QR決済,590
QR-C015-0-26,C015,2026-03-28,QR決済,1600
QR-C015-0-10,C015,2026-03-29,QR決済,530
QR-C015-0-15,C015,2026-03-30,QR決済,1190
QR-C015-0-19,C015,2026-03-30,QR決済,1220
QR-C015-0-23,C015,2026-03-30,QR決済,900
CARD-C015-0-13,C015,2026-03-30,クレジットカード,4358
CARD-C015-0-03,C015,2026-03-31,クレジットカード,2300
CARD-C015-0-04,C015,2026-03-31,クレジットカード,1780
QR-C015-0-20,C015,2026-04-01,QR決済,1510
QR-C015-0-11,C015,2026-04-02,QR決済,500
QR-C015-0-00,C015,2026-04-04,QR決済,700
QR-C015-0-27,C015,2026-04-04,QR決済,1350
QR-C015-0-31,C015,2026-04-04,QR決済,1200
QR-C015-0-02,C015,2026-04-06,QR決済,1060
QR-C015-0-07,C015,2026-04-06,QR決済,940
CARD-C015-0-06,C015,2026-04-06,クレジットカード,3570
QR-C015-0-21,C015,2026-04-08,QR決済,860
QR-C015-0-28,C015,2026-04-08,QR決済,1330
QR-C015-0-13,C015,2026-04-10,QR決済,1910
CARD-C015-0-05,C015,2026-04-10,クレジットカード,5180
QR-C015-0-01,C015,2026-04-11,QR決済,770
CARD-C015-0-08,C015,2026-04-11,クレジットカード,2260
QR-C015-0-33,C015,2026-04-12,QR決済,678
QR-C015-0-04,C015,2026-04-15,QR決済,560
QR-C015-0-12,C015,2026-04-16,QR決済,880
CARD-C015-0-10,C015,2026-04-16,クレジットカード,3640
QR-C015-0-22,C015,2026-04-17,QR決済,670
QR-C015-0-29,C015,2026-04-17,QR決済,1780
CARD-C015-0-09,C015,2026-04-17,クレジットカード,5870
QR-C015-1-10,C015,2026-04-18,QR決済,960
QR-C015-1-27,C015,2026-04-18,QR決済,1620
QR-C015-1-05,C015,2026-04-20,QR決済,890
QR-C015-1-01,C015,2026-04-21,QR決済,1510
QR-C015-1-06,C015,2026-04-21,QR決済,1620
QR-C015-1-08,C015,2026-04-22,QR決済,830
QR-C015-1-16,C015,2026-04-22,QR決済,1530
CARD-C015-1-10,C015,2026-04-22,クレジットカード,2360
QR-C015-1-24,C015,2026-04-23,QR決済,1220
CARD-C015-1-09,C015,2026-04-26,クレジットカード,3570
QR-C015-1-13,C015,2026-04-27,QR決済,660
QR-C015-1-26,C015,2026-04-27,QR決済,1770
QR-C015-1-23,C015,2026-04-28,QR決済,1550
QR-C015-1-12,C015,2026-04-29,QR決済,940
QR-C015-1-15,C015,2026-04-29,QR決済,840
CARD-C015-1-02,C015,2026-04-29,クレジットカード,3620
CARD-C015-1-01,C015,2026-04-30,クレジットカード,2620
CARD-C015-1-06,C015,2026-04-30,クレジットカード,4120
QR-C015-1-02,C015,2026-05-01,QR決済,1280
QR-C015-1-03,C015,2026-05-02,QR決済,690
QR-C015-1-18,C015,2026-05-02,QR決済,1720
QR-C015-1-11,C015,2026-05-03,QR決済,1190
CARD-C015-1-03,C015,2026-05-03,クレジットカード,5160
CARD-C015-1-07,C015,2026-05-03,クレジットカード,2380
QR-C015-1-21,C015,2026-05-04,QR決済,1150
CARD-C015-1-08,C015,2026-05-04,クレジットカード,4080
QR-C015-1-20,C015,2026-05-07,QR決済,760
CARD-C015-1-05,C015,2026-05-07,クレジットカード,4560
CARD-C015-1-00,C015,2026-05-08,クレジットカード,5100
CARD-C015-1-04,C015,2026-05-09,クレジットカード,1780
QR-C015-1-14,C015,2026-05-10,QR決済,650
QR-C015-1-25,C015,2026-05-10,QR決済,1400
QR-C015-1-28,C015,2026-05-11,QR決済,1440
QR-C015-1-22,C015,2026-05-12,QR決済,1600
CARD-C015-1-11,C015,2026-05-12,クレジットカード,4364
QR-C015-1-00,C015,2026-05-13,QR決済,1320
QR-C015-1-07,C015,2026-05-14,QR決済,1560
QR-C015-1-17,C015,2026-05-14,QR決済,1020
QR-C015-1-29,C015,2026-05-14,QR決済,1403
QR-C015-1-19,C015,2026-05-16,QR決済,680
QR-C015-1-04,C015,2026-05-17,QR決済,900
QR-C015-1-09,C015,2026-05-17,QR決済,1420
QR-C015-2-02,C015,2026-05-18,QR決済,1740
QR-C015-2-25,C015,2026-05-18,QR決済,1560
QR-C015-2-03,C015,2026-05-20,QR決済,1730
QR-C015-2-20,C015,2026-05-20,QR決済,1070
QR-C015-2-21,C015,2026-05-21,QR決済,580
CARD-C015-2-09,C015,2026-05-21,クレジットカード,1780
QR-C015-2-04,C015,2026-05-22,QR決済,1080
CARD-C015-2-05,C015,2026-05-22,クレジットカード,1770
QR-C015-2-11,C015,2026-05-23,QR決済,1380
CARD-C015-2-00,C015,2026-05-23,クレジットカード,3840
QR-C015-2-17,C015,2026-05-25,QR決済,1360
QR-C015-2-07,C015,2026-05-26,QR決済,1280
CARD-C015-2-06,C015,2026-05-27,クレジットカード,5220
CARD-C015-2-04,C015,2026-05-28,クレジットカード,6220
QR-C015-2-01,C015,2026-05-29,QR決済,780
QR-C015-2-09,C015,2026-05-29,QR決済,750
QR-C015-2-10,C015,2026-05-29,QR決済,590
CARD-C015-2-01,C015,2026-05-30,クレジットカード,2220
QR-C015-2-13,C015,2026-06-03,QR決済,890
QR-C015-2-18,C015,2026-06-03,QR決済,2100
QR-C015-2-26,C015,2026-06-03,QR決済,897
QR-C015-2-08,C015,2026-06-05,QR決済,1850
QR-C015-2-19,C015,2026-06-05,QR決済,640
QR-C015-2-23,C015,2026-06-05,QR決済,770
QR-C015-2-16,C015,2026-06-06,QR決済,1570
CARD-C015-2-02,C015,2026-06-06,クレジットカード,4010
CARD-C015-2-07,C015,2026-06-06,クレジットカード,5670
CARD-C015-2-08,C015,2026-06-06,クレジットカード,4050
QR-C015-2-00,C015,2026-06-08,QR決済,760
CARD-C015-2-03,C015,2026-06-08,クレジットカード,2750
QR-C015-2-06,C015,2026-06-10,QR決済,2220
QR-C015-2-15,C015,2026-06-10,QR決済,1680
QR-C015-2-14,C015,2026-06-11,QR決済,620
QR-C015-2-24,C015,2026-06-11,QR決済,1580
QR-C015-2-22,C015,2026-06-13,QR決済,730
QR-C015-2-05,C015,2026-06-14,QR決済,920
QR-C015-2-12,C015,2026-06-14,QR決済,1290
CARD-C015-3-04,C015,2026-06-17,クレジットカード,3460
QR-C015-3-08,C015,2026-06-18,QR決済,1320
CARD-C015-3-06,C015,2026-06-18,クレジットカード,3600
QR-C015-3-09,C015,2026-06-19,QR決済,1650
QR-C015-3-12,C015,2026-06-20,QR決済,1220
QR-C015-3-00,C015,2026-06-21,QR決済,870
QR-C015-3-22,C015,2026-06-24,QR決済,683
QR-C015-3-05,C015,2026-06-26,QR決済,2070
QR-C015-3-14,C015,2026-06-26,QR決済,810
QR-C015-3-18,C015,2026-06-26,QR決済,890
QR-C015-3-10,C015,2026-06-27,QR決済,1110
QR-C015-3-03,C015,2026-06-28,QR決済,1950
QR-C015-3-13,C015,2026-06-29,QR決済,2040
CARD-C015-3-07,C015,2026-06-30,クレジットカード,3630
QR-C015-3-15,C015,2026-07-01,QR決済,1090
QR-C015-3-21,C015,2026-07-01,QR決済,720
QR-C015-3-01,C015,2026-07-02,QR決済,830
QR-C015-3-11,C015,2026-07-02,QR決済,1460
QR-C015-3-06,C015,2026-07-04,QR決済,680
CARD-C015-3-02,C015,2026-07-04,クレジットカード,3690
CARD-C015-3-03,C015,2026-07-04,クレジットカード,3570
QR-C015-3-16,C015,2026-07-06,QR決済,1130
QR-C015-3-19,C015,2026-07-08,QR決済,710
QR-C015-3-04,C015,2026-07-09,QR決済,1380
QR-C015-3-07,C015,2026-07-10,QR決済,870
QR-C015-3-17,C015,2026-07-10,QR決済,870
QR-C015-3-02,C015,2026-07-11,QR決済,970
CARD-C015-3-05,C015,2026-07-11,クレジットカード,2710
CARD-C015-3-00,C015,2026-07-12,クレジットカード,4730
QR-C015-3-20,C015,2026-07-13,QR決済,2080
CARD-C015-3-01,C015,2026-07-14,クレジットカード,4300
CARD-C015-3-08,C015,2026-07-15,クレジットカード,3808
CARD-C016-0-09,C016,2026-03-20,クレジットカード,3820
CARD-C016-0-07,C016,2026-03-24,クレジットカード,4390
CARD-C016-0-11,C016,2026-03-27,クレジットカード,1720
CARD-C016-0-10,C016,2026-03-31,クレジットカード,3030
CARD-C016-0-14,C016,2026-03-31,クレジットカード,1630
CARD-C016-0-03,C016,2026-04-03,クレジットカード,2610
CARD-C016-0-04,C016,2026-04-03,クレジットカード,2920
CARD-C016-0-12,C016,2026-04-03,クレジットカード,3860
CARD-C016-0-08,C016,2026-04-04,クレジットカード,2340
CARD-C016-0-01,C016,2026-04-05,クレジットカード,2640
CARD-C016-0-05,C016,2026-04-05,クレジットカード,1350
CARD-C016-0-02,C016,2026-04-06,クレジットカード,2380
CARD-C016-0-13,C016,2026-04-06,クレジットカード,3020
CARD-C016-0-15,C016,2026-04-07,クレジットカード,3710
CARD-C016-0-00,C016,2026-04-09,クレジットカード,4590
CARD-C016-0-16,C016,2026-04-09,クレジットカード,3627
CARD-C016-0-06,C016,2026-04-15,クレジットカード,3270
CARD-C016-1-12,C016,2026-04-18,クレジットカード,2660
CARD-C016-1-15,C016,2026-04-19,クレジットカード,3900
CARD-C016-1-03,C016,2026-04-20,クレジットカード,1420
CARD-C016-1-06,C016,2026-04-20,クレジットカード,2680
CARD-C016-1-09,C016,2026-04-21,クレジットカード,4800
CARD-C016-1-11,C016,2026-04-23,クレジットカード,1690
CARD-C016-1-01,C016,2026-04-27,クレジットカード,5140
CARD-C016-1-08,C016,2026-04-27,クレジットカード,1410
CARD-C016-1-10,C016,2026-04-28,クレジットカード,2650
CARD-C016-1-14,C016,2026-04-28,クレジットカード,2680
CARD-C016-1-16,C016,2026-05-02,クレジットカード,2278
CARD-C016-1-13,C016,2026-05-05,クレジットカード,2710
CARD-C016-1-02,C016,2026-05-06,クレジットカード,2560
CARD-C016-1-00,C016,2026-05-08,クレジットカード,2690
CARD-C016-1-05,C016,2026-05-10,クレジットカード,4590
CARD-C016-1-07,C016,2026-05-15,クレジットカード,4220
CARD-C016-1-04,C016,2026-05-17,クレジットカード,1480
CARD-C016-2-10,C016,2026-05-20,クレジットカード,1660
CARD-C016-2-00,C016,2026-05-23,クレジットカード,3810
CARD-C016-2-05,C016,2026-05-24,クレジットカード,3090
CARD-C016-2-14,C016,2026-05-24,クレジットカード,3190
CARD-C016-2-16,C016,2026-05-26,クレジットカード,3867
CARD-C016-2-02,C016,2026-05-27,クレジットカード,3260
CARD-C016-2-15,C016,2026-05-27,クレジットカード,4410
CARD-C016-2-03,C016,2026-05-29,クレジットカード,2900
CARD-C016-2-04,C016,2026-05-31,クレジットカード,1360
CARD-C016-2-06,C016,2026-06-02,クレジットカード,1370
CARD-C016-2-13,C016,2026-06-04,クレジットカード,2080
CARD-C016-2-01,C016,2026-06-06,クレジットカード,2910
CARD-C016-2-07,C016,2026-06-07,クレジットカード,2500
CARD-C016-2-09,C016,2026-06-12,クレジットカード,2520
CARD-C016-2-11,C016,2026-06-13,クレジットカード,3160
CARD-C016-2-08,C016,2026-06-14,クレジットカード,3480
CARD-C016-2-12,C016,2026-06-14,クレジットカード,3940
CARD-C016-3-16,C016,2026-06-17,クレジットカード,4249
CARD-C016-3-14,C016,2026-06-22,クレジットカード,3670
CARD-C016-3-04,C016,2026-06-23,クレジットカード,4010
CARD-C016-3-07,C016,2026-06-25,クレジットカード,1590
CARD-C016-3-03,C016,2026-06-27,クレジットカード,2080
CARD-C016-3-06,C016,2026-06-29,クレジットカード,4380
CARD-C016-3-00,C016,2026-06-30,クレジットカード,1420
CARD-C016-3-05,C016,2026-06-30,クレジットカード,1580
CARD-C016-3-10,C016,2026-07-01,クレジットカード,4220
CARD-C016-3-09,C016,2026-07-03,クレジットカード,1490
CARD-C016-3-02,C016,2026-07-04,クレジットカード,2740
CARD-C016-3-13,C016,2026-07-04,クレジットカード,4200
CARD-C016-3-08,C016,2026-07-06,クレジットカード,2490
CARD-C016-3-01,C016,2026-07-08,クレジットカード,4950
CARD-C016-3-11,C016,2026-07-08,クレジットカード,3010
CARD-C016-3-12,C016,2026-07-11,クレジットカード,2020
CARD-C016-3-15,C016,2026-07-15,クレジットカード,2360
QR-C017-0-09,C017,2026-03-19,QR決済,1570
QR-C017-0-23,C017,2026-03-19,QR決済,1710
QR-C017-0-04,C017,2026-03-20,QR決済,1360
QR-C017-0-19,C017,2026-03-20,QR決済,1510
QR-C017-0-24,C017,2026-03-20,QR決済,1330
QR-C017-0-27,C017,2026-03-21,QR決済,850
QR-C017-0-32,C017,2026-03-21,QR決済,660
QR-C017-0-08,C017,2026-03-23,QR決済,1330
QR-C017-0-06,C017,2026-03-24,QR決済,1750
QR-C017-0-16,C017,2026-03-24,QR決済,1090
QR-C017-0-05,C017,2026-03-25,QR決済,1590
QR-C017-0-07,C017,2026-03-27,QR決済,830
QR-C017-0-10,C017,2026-03-27,QR決済,1630
QR-C017-0-13,C017,2026-03-27,QR決済,1460
QR-C017-0-30,C017,2026-03-28,QR決済,780
QR-C017-0-28,C017,2026-03-29,QR決済,680
CARD-C017-0-05,C017,2026-03-29,クレジットカード,1730
QR-C017-0-36,C017,2026-03-30,QR決済,1128
QR-C017-0-00,C017,2026-04-01,QR決済,1320
QR-C017-0-01,C017,2026-04-01,QR決済,1170
QR-C017-0-34,C017,2026-04-01,QR決済,1550
CARD-C017-0-02,C017,2026-04-01,クレジットカード,5720
CARD-C017-0-07,C017,2026-04-01,クレジットカード,5450
QR-C017-0-21,C017,2026-04-03,QR決済,1020
CARD-C017-0-00,C017,2026-04-03,クレジットカード,5890
QR-C017-0-15,C017,2026-04-05,QR決済,730
QR-C017-0-29,C017,2026-04-07,QR決済,1400
QR-C017-0-02,C017,2026-04-08,QR決済,710
QR-C017-0-17,C017,2026-04-08,QR決済,790
QR-C017-0-14,C017,2026-04-09,QR決済,540
CARD-C017-0-06,C017,2026-04-10,クレジットカード,5660
QR-C017-0-20,C017,2026-04-11,QR決済,1620
CARD-C017-0-01,C017,2026-04-11,クレジットカード,4550
QR-C017-0-11,C017,2026-04-13,QR決済,1700
QR-C017-0-12,C017,2026-04-13,QR決済,1740
QR-C017-0-22,C017,2026-04-13,QR決済,1640
CARD-C017-0-04,C017,2026-04-14,クレジットカード,3490
QR-C017-0-18,C017,2026-04-15,QR決済,1480
QR-C017-0-25,C017,2026-04-15,QR決済,1620
QR-C017-0-31,C017,2026-04-15,QR決済,780
QR-C017-0-03,C017,2026-04-16,QR決済,1140
QR-C017-0-26,C017,2026-04-16,QR決済,820
QR-C017-0-33,C017,2026-04-16,QR決済,500
QR-C017-0-35,C017,2026-04-16,QR決済,880
CARD-C017-0-08,C017,2026-04-16,クレジットカード,6011
CARD-C017-0-03,C017,2026-04-17,クレジットカード,5190
CARD-C017-1-05,C017,2026-04-18,クレジットカード,4940
QR-C017-1-07,C017,2026-04-19,QR決済,1120
QR-C017-1-12,C017,2026-04-21,QR決済,1150
QR-C017-1-23,C017,2026-04-22,QR決済,740
QR-C017-1-00,C017,2026-04-24,QR決済,1350
QR-C017-1-18,C017,2026-04-25,QR決済,1570
QR-C017-1-01,C017,2026-04-26,QR決済,1640
QR-C017-1-04,C017,2026-04-26,QR決済,1580
QR-C017-1-19,C017,2026-04-26,QR決済,1440
QR-C017-1-13,C017,2026-04-28,QR決済,1110
CARD-C017-1-02,C017,2026-04-28,クレジットカード,3240
QR-C017-1-10,C017,2026-04-29,QR決済,1230
QR-C017-1-24,C017,2026-04-29,QR決済,582
QR-C017-1-03,C017,2026-05-01,QR決済,1580
QR-C017-1-15,C017,2026-05-01,QR決済,1250
QR-C017-1-02,C017,2026-05-02,QR決済,980
CARD-C017-1-03,C017,2026-05-02,クレジットカード,3900
QR-C017-1-08,C017,2026-05-03,QR決済,610
QR-C017-1-16,C017,2026-05-03,QR決済,1490
QR-C017-1-09,C017,2026-05-05,QR決済,1340
QR-C017-1-14,C017,2026-05-05,QR決済,570
CARD-C017-1-00,C017,2026-05-05,クレジットカード,8210
QR-C017-1-06,C017,2026-05-06,QR決済,1220
QR-C017-1-17,C017,2026-05-09,QR決済,870
QR-C017-1-11,C017,2026-05-10,QR決済,1490
CARD-C017-1-04,C017,2026-05-10,クレジットカード,2620
CARD-C017-1-01,C017,2026-05-11,クレジットカード,2840
CARD-C017-1-06,C017,2026-05-12,クレジットカード,6957
QR-C017-1-21,C017,2026-05-13,QR決済,1450
QR-C017-1-05,C017,2026-05-15,QR決済,770
QR-C017-1-20,C017,2026-05-16,QR決済,1530
QR-C017-1-22,C017,2026-05-17,QR決済,1700
QR-C017-2-02,C017,2026-05-18,QR決済,880
QR-C017-2-09,C017,2026-05-20,QR決済,1720
QR-C017-2-18,C017,2026-05-23,QR決済,775
QR-C017-2-15,C017,2026-05-24,QR決済,1710
CARD-C017-2-01,C017,2026-05-24,クレジットカード,5860
QR-C017-2-13,C017,2026-05-25,QR決済,1340
QR-C017-2-07,C017,2026-05-26,QR決済,1560
QR-C017-2-08,C017,2026-05-27,QR決済,540
QR-C017-2-14,C017,2026-05-27,QR決済,1430
CARD-C017-2-03,C017,2026-05-27,クレジットカード,6750
CARD-C017-2-04,C017,2026-05-28,クレジットカード,2818
QR-C017-2-01,C017,2026-05-30,QR決済,970
QR-C017-2-04,C017,2026-05-30,QR決済,1710
CARD-C017-2-00,C017,2026-05-30,クレジットカード,2310
QR-C017-2-00,C017,2026-06-01,QR決済,1110
CARD-C017-2-02,C017,2026-06-07,クレジットカード,5790
QR-C017-2-12,C017,2026-06-11,QR決済,990
QR-C017-2-11,C017,2026-06-13,QR決済,810
QR-C017-2-16,C017,2026-06-14,QR決済,1400
QR-C017-2-17,C017,2026-06-15,QR決済,1200
QR-C017-2-03,C017,2026-06-16,QR決済,1350
QR-C017-2-05,C017,2026-06-16,QR決済,510
QR-C017-2-06,C017,2026-06-16,QR決済,1480
QR-C017-2-10,C017,2026-06-16,QR決済,1390
CARD-C017-3-00,C017,2026-07-09,クレジットカード,8050
CARD-C017-3-01,C017,2026-07-11,クレジットカード,3930
CARD-C017-3-02,C017,2026-07-13,クレジットカード,5169
CARD-C018-0-00,C018,2026-03-19,クレジットカード,3450
CARD-C018-0-01,C018,2026-03-19,クレジットカード,1630
CARD-C018-0-16,C018,2026-03-20,クレジットカード,4100
CARD-C018-0-09,C018,2026-03-21,クレジットカード,3250
CARD-C018-0-15,C018,2026-03-24,クレジットカード,2490
CARD-C018-0-11,C018,2026-03-25,クレジットカード,2160
CARD-C018-0-07,C018,2026-03-26,クレジットカード,1640
CARD-C018-0-12,C018,2026-03-27,クレジットカード,1460
CARD-C018-0-17,C018,2026-03-31,クレジットカード,3151
CARD-C018-0-10,C018,2026-04-02,クレジットカード,2320
CARD-C018-0-03,C018,2026-04-05,クレジットカード,2610
CARD-C018-0-05,C018,2026-04-07,クレジットカード,2750
CARD-C018-0-04,C018,2026-04-08,クレジットカード,4460
CARD-C018-0-06,C018,2026-04-08,クレジットカード,4230
CARD-C018-0-13,C018,2026-04-10,クレジットカード,2460
CARD-C018-0-14,C018,2026-04-15,クレジットカード,2550
CARD-C018-0-02,C018,2026-04-17,クレジットカード,3250
CARD-C018-0-08,C018,2026-04-17,クレジットカード,1780
CARD-C018-1-05,C018,2026-04-22,クレジットカード,2790
CARD-C018-1-08,C018,2026-04-24,クレジットカード,3420
CARD-C018-1-10,C018,2026-04-24,クレジットカード,3590
CARD-C018-1-15,C018,2026-04-24,クレジットカード,3552
CARD-C018-1-00,C018,2026-04-26,クレジットカード,2940
CARD-C018-1-01,C018,2026-04-27,クレジットカード,2890
CARD-C018-1-12,C018,2026-04-27,クレジットカード,1730
CARD-C018-1-04,C018,2026-04-30,クレジットカード,1560
CARD-C018-1-06,C018,2026-05-01,クレジットカード,1070
CARD-C018-1-03,C018,2026-05-03,クレジットカード,3990
CARD-C018-1-09,C018,2026-05-07,クレジットカード,3900
CARD-C018-1-14,C018,2026-05-09,クレジットカード,3960
CARD-C018-1-02,C018,2026-05-11,クレジットカード,1490
CARD-C018-1-13,C018,2026-05-11,クレジットカード,1660
CARD-C018-1-11,C018,2026-05-14,クレジットカード,2560
CARD-C018-1-07,C018,2026-05-15,クレジットカード,2660
CARD-C018-2-11,C018,2026-05-20,クレジットカード,1840
CARD-C018-2-12,C018,2026-05-21,クレジットカード,2588
CARD-C018-2-03,C018,2026-05-24,クレジットカード,2460
CARD-C018-2-10,C018,2026-05-26,クレジットカード,1360
CARD-C018-2-01,C018,2026-05-30,クレジットカード,2930
CARD-C018-2-05,C018,2026-05-30,クレジットカード,3750
CARD-C018-2-07,C018,2026-05-31,クレジットカード,2770
CARD-C018-2-09,C018,2026-06-06,クレジットカード,3120
CARD-C018-2-02,C018,2026-06-08,クレジットカード,1890
CARD-C018-2-00,C018,2026-06-09,クレジットカード,2960
CARD-C018-2-04,C018,2026-06-09,クレジットカード,2350
CARD-C018-2-06,C018,2026-06-09,クレジットカード,4890
CARD-C018-2-08,C018,2026-06-10,クレジットカード,4010
CARD-C018-3-10,C018,2026-06-18,クレジットカード,1097
CARD-C018-3-07,C018,2026-06-21,クレジットカード,3680
CARD-C018-3-03,C018,2026-06-26,クレジットカード,2610
CARD-C018-3-06,C018,2026-06-28,クレジットカード,3250
CARD-C018-3-02,C018,2026-06-29,クレジットカード,4100
CARD-C018-3-04,C018,2026-06-29,クレジットカード,2230
CARD-C018-3-00,C018,2026-07-03,クレジットカード,2880
CARD-C018-3-09,C018,2026-07-04,クレジットカード,3700
CARD-C018-3-01,C018,2026-07-06,クレジットカード,1250
CARD-C018-3-05,C018,2026-07-08,クレジットカード,3040
CARD-C018-3-08,C018,2026-07-15,クレジットカード,3380
CARD-C019-0-05,C019,2026-03-19,クレジットカード,3310
QR-C019-0-16,C019,2026-03-20,QR決済,1260
QR-C019-0-19,C019,2026-03-20,QR決済,2250
CARD-C019-0-02,C019,2026-03-21,クレジットカード,2860
CARD-C019-0-06,C019,2026-03-22,クレジットカード,5680
QR-C019-0-08,C019,2026-03-23,QR決済,970
QR-C019-0-18,C019,2026-03-23,QR決済,1940
QR-C019-0-03,C019,2026-03-24,QR決済,2590
CARD-C019-0-10,C019,2026-03-24,クレジットカード,4405
QR-C019-0-17,C019,2026-03-25,QR決済,2480
QR-C019-0-20,C019,2026-03-26,QR決済,1242
CARD-C019-0-00,C019,2026-03-27,クレジットカード,6420
QR-C019-0-00,C019,2026-03-29,QR決済,1870
QR-C019-0-04,C019,2026-03-29,QR決済,2480
QR-C019-0-01,C019,2026-04-01,QR決済,1220
QR-C019-0-15,C019,2026-04-02,QR決済,2580
CARD-C019-0-09,C019,2026-04-02,クレジットカード,6760
QR-C019-0-06,C019,2026-04-03,QR決済,1330
CARD-C019-0-04,C019,2026-04-04,クレジットカード,2840
QR-C019-0-09,C019,2026-04-05,QR決済,920
CARD-C019-0-01,C019,2026-04-06,クレジットカード,4710
QR-C019-0-13,C019,2026-04-08,QR決済,2400
QR-C019-0-12,C019,2026-04-09,QR決済,2470
CARD-C019-0-08,C019,2026-04-09,クレジットカード,7450
QR-C019-0-05,C019,2026-04-11,QR決済,950
CARD-C019-0-07,C019,2026-04-11,クレジットカード,3210
QR-C019-0-07,C019,2026-04-12,QR決済,1770
CARD-C019-0-03,C019,2026-04-12,クレジットカード,3070
QR-C019-0-14,C019,2026-04-13,QR決済,2220
QR-C019-0-10,C019,2026-04-15,QR決済,770
QR-C019-0-02,C019,2026-04-16,QR決済,1720
QR-C019-0-11,C019,2026-04-17,QR決済,950
QR-C019-1-00,C019,2026-04-18,QR決済,1030
QR-C019-1-15,C019,2026-04-18,QR決済,1080
QR-C019-1-07,C019,2026-04-20,QR決済,1550
CARD-C019-1-04,C019,2026-04-20,クレジットカード,4820
QR-C019-1-12,C019,2026-04-21,QR決済,2110
QR-C019-1-19,C019,2026-04-21,QR決済,2310
CARD-C019-1-10,C019,2026-04-21,クレジットカード,3140
QR-C019-1-04,C019,2026-04-23,QR決済,900
CARD-C019-1-01,C019,2026-04-23,クレジットカード,5470
CARD-C019-1-03,C019,2026-04-23,クレジットカード,3490
CARD-C019-1-02,C019,2026-04-24,クレジットカード,1760
QR-C019-1-08,C019,2026-04-25,QR決済,2650
CARD-C019-1-07,C019,2026-04-26,クレジットカード,5070
QR-C019-1-16,C019,2026-04-27,QR決済,1240
QR-C019-1-14,C019,2026-04-28,QR決済,1370
QR-C019-1-21,C019,2026-04-29,QR決済,1990
QR-C019-1-20,C019,2026-04-30,QR決済,1790
QR-C019-1-05,C019,2026-05-01,QR決済,2460
CARD-C019-1-11,C019,2026-05-01,クレジットカード,5803
QR-C019-1-10,C019,2026-05-03,QR決済,1580
QR-C019-1-01,C019,2026-05-04,QR決済,1610
QR-C019-1-03,C019,2026-05-06,QR決済,1600
QR-C019-1-22,C019,2026-05-06,QR決済,1090
CARD-C019-1-06,C019,2026-05-07,クレジットカード,4920
QR-C019-1-11,C019,2026-05-09,QR決済,890
QR-C019-1-17,C019,2026-05-09,QR決済,2340
QR-C019-1-18,C019,2026-05-09,QR決済,2170
CARD-C019-1-09,C019,2026-05-09,クレジットカード,5310
CARD-C019-1-05,C019,2026-05-11,クレジットカード,3010
QR-C019-1-02,C019,2026-05-12,QR決済,990
QR-C019-1-09,C019,2026-05-12,QR決済,1790
CARD-C019-1-00,C019,2026-05-13,クレジットカード,5210
CARD-C019-1-08,C019,2026-05-15,クレジットカード,3640
QR-C019-1-13,C019,2026-05-16,QR決済,960
QR-C019-1-06,C019,2026-05-17,QR決済,1660
QR-C019-1-23,C019,2026-05-17,QR決済,2682
QR-C019-2-11,C019,2026-05-18,QR決済,1930
CARD-C019-2-11,C019,2026-05-18,クレジットカード,6645
QR-C019-2-02,C019,2026-05-20,QR決済,950
QR-C019-2-10,C019,2026-05-20,QR決済,2540
CARD-C019-2-08,C019,2026-05-20,クレジットカード,4760
QR-C019-2-23,C019,2026-05-21,QR決済,804
QR-C019-2-22,C019,2026-05-22,QR決済,760
CARD-C019-2-09,C019,2026-05-22,クレジットカード,4170
CARD-C019-2-10,C019,2026-05-22,クレジットカード,4850
QR-C019-2-05,C019,2026-05-23,QR決済,1930
QR-C019-2-14,C019,2026-05-23,QR決済,2070
QR-C019-2-13,C019,2026-05-24,QR決済,1280
QR-C019-2-06,C019,2026-05-25,QR決済,1530
QR-C019-2-04,C019,2026-05-26,QR決済,2270
QR-C019-2-18,C019,2026-05-27,QR決済,1060
CARD-C019-2-07,C019,2026-05-27,クレジットカード,6610
CARD-C019-2-00,C019,2026-05-29,クレジットカード,4420
QR-C019-2-01,C019,2026-05-30,QR決済,2280
QR-C019-2-03,C019,2026-05-30,QR決済,810
QR-C019-2-09,C019,2026-05-30,QR決済,660
QR-C019-2-15,C019,2026-05-30,QR決済,2080
QR-C019-2-17,C019,2026-05-30,QR決済,1760
CARD-C019-2-05,C019,2026-05-30,クレジットカード,5220
QR-C019-2-00,C019,2026-06-06,QR決済,2500
QR-C019-2-19,C019,2026-06-07,QR決済,740
QR-C019-2-21,C019,2026-06-07,QR決済,1280
CARD-C019-2-02,C019,2026-06-08,クレジットカード,2290
CARD-C019-2-04,C019,2026-06-08,クレジットカード,4130
CARD-C019-2-01,C019,2026-06-09,クレジットカード,1730
CARD-C019-2-03,C019,2026-06-09,クレジットカード,2570
QR-C019-2-07,C019,2026-06-11,QR決済,2510
QR-C019-2-16,C019,2026-06-11,QR決済,2510
QR-C019-2-20,C019,2026-06-11,QR決済,1900
CARD-C019-2-06,C019,2026-06-12,クレジットカード,6120
QR-C019-2-08,C019,2026-06-14,QR決済,1810
QR-C019-2-12,C019,2026-06-14,QR決済,2500
CARD-C019-3-03,C019,2026-06-17,クレジットカード,2930
QR-C019-3-08,C019,2026-06-19,QR決済,1450
QR-C019-3-12,C019,2026-06-19,QR決済,1240
CARD-C019-3-04,C019,2026-06-20,クレジットカード,2020
QR-C019-3-01,C019,2026-06-21,QR決済,2350
QR-C019-3-17,C019,2026-06-21,QR決済,1080
QR-C019-3-18,C019,2026-06-21,QR決済,1990
CARD-C019-3-00,C019,2026-06-21,クレジットカード,2940
CARD-C019-3-07,C019,2026-06-21,クレジットカード,3230
CARD-C019-3-05,C019,2026-06-22,クレジットカード,4570
QR-C019-3-23,C019,2026-06-24,QR決済,2036
QR-C019-3-09,C019,2026-06-26,QR決済,1100
QR-C019-3-16,C019,2026-06-26,QR決済,1450
QR-C019-3-21,C019,2026-06-26,QR決済,2700
QR-C019-3-11,C019,2026-06-30,QR決済,1490
CARD-C019-3-02,C019,2026-06-30,クレジットカード,5780
QR-C019-3-10,C019,2026-07-01,QR決済,1610
CARD-C019-3-10,C019,2026-07-01,クレジットカード,4890
QR-C019-3-03,C019,2026-07-02,QR決済,2600
QR-C019-3-15,C019,2026-07-02,QR決済,1560
CARD-C019-3-01,C019,2026-07-02,クレジットカード,6450
CARD-C019-3-11,C019,2026-07-02,クレジットカード,2350
CARD-C019-3-12,C019,2026-07-02,クレジットカード,6194
QR-C019-3-04,C019,2026-07-03,QR決済,2560
QR-C019-3-07,C019,2026-07-03,QR決済,890
QR-C019-3-05,C019,2026-07-07,QR決済,1940
QR-C019-3-06,C019,2026-07-07,QR決済,1430
QR-C019-3-19,C019,2026-07-08,QR決済,880
QR-C019-3-00,C019,2026-07-09,QR決済,1310
CARD-C019-3-09,C019,2026-07-09,クレジットカード,6690
CARD-C019-3-08,C019,2026-07-10,クレジットカード,6600
QR-C019-3-14,C019,2026-07-12,QR決済,880
QR-C019-3-22,C019,2026-07-13,QR決済,2090
QR-C019-3-20,C019,2026-07-15,QR決済,1750
CARD-C019-3-06,C019,2026-07-15,クレジットカード,2690
QR-C019-3-02,C019,2026-07-16,QR決済,2210
QR-C019-3-13,C019,2026-07-16,QR決済,1930
QR-C020-0-14,C020,2026-03-19,QR決済,4150
QR-C020-0-12,C020,2026-03-20,QR決済,2840
CARD-C020-0-10,C020,2026-03-20,クレジットカード,1600
CARD-C020-0-04,C020,2026-03-24,クレジットカード,3950
CARD-C020-0-05,C020,2026-03-24,クレジットカード,1830
QR-C020-0-10,C020,2026-03-26,QR決済,2340
CARD-C020-0-01,C020,2026-03-27,クレジットカード,4210
CARD-C020-0-02,C020,2026-03-30,クレジットカード,1940
QR-C020-0-15,C020,2026-04-01,QR決済,1150
QR-C020-0-09,C020,2026-04-03,QR決済,2390
QR-C020-0-00,C020,2026-04-04,QR決済,1100
QR-C020-0-13,C020,2026-04-04,QR決済,3320
CARD-C020-0-09,C020,2026-04-04,クレジットカード,2280
QR-C020-0-01,C020,2026-04-06,QR決済,2440
QR-C020-0-16,C020,2026-04-06,QR決済,2278
QR-C020-0-03,C020,2026-04-07,QR決済,1960
QR-C020-0-05,C020,2026-04-09,QR決済,2260
CARD-C020-0-03,C020,2026-04-09,クレジットカード,2240
QR-C020-0-11,C020,2026-04-10,QR決済,2590
QR-C020-0-02,C020,2026-04-11,QR決済,1800
CARD-C020-0-11,C020,2026-04-13,クレジットカード,1479
QR-C020-0-07,C020,2026-04-14,QR決済,1360
CARD-C020-0-06,C020,2026-04-14,クレジットカード,3150
QR-C020-0-08,C020,2026-04-15,QR決済,3680
CARD-C020-0-07,C020,2026-04-15,クレジットカード,5580
QR-C020-0-06,C020,2026-04-16,QR決済,2080
CARD-C020-0-00,C020,2026-04-16,クレジットカード,4550
CARD-C020-0-08,C020,2026-04-16,クレジットカード,2680
QR-C020-0-04,C020,2026-04-17,QR決済,3630
CARD-C020-1-04,C020,2026-04-22,クレジットカード,2660
QR-C020-1-02,C020,2026-04-25,QR決済,3950
QR-C020-1-04,C020,2026-04-25,QR決済,2600
CARD-C020-1-02,C020,2026-04-26,クレジットカード,4530
QR-C020-1-08,C020,2026-04-28,QR決済,3320
QR-C020-1-00,C020,2026-04-29,QR決済,2090
QR-C020-1-01,C020,2026-05-02,QR決済,1280
QR-C020-1-03,C020,2026-05-04,QR決済,2420
CARD-C020-1-08,C020,2026-05-04,クレジットカード,1805
CARD-C020-1-01,C020,2026-05-05,クレジットカード,3640
QR-C020-1-05,C020,2026-05-06,QR決済,2670
QR-C020-1-10,C020,2026-05-07,QR決済,2000
QR-C020-1-07,C020,2026-05-09,QR決済,2190
CARD-C020-1-06,C020,2026-05-10,クレジットカード,3210
QR-C020-1-11,C020,2026-05-15,QR決済,1723
CARD-C020-1-05,C020,2026-05-15,クレジットカード,2820
CARD-C020-1-07,C020,2026-05-15,クレジットカード,3280
CARD-C020-1-00,C020,2026-05-16,クレジットカード,1890
CARD-C020-1-03,C020,2026-05-16,クレジットカード,2160
QR-C020-1-06,C020,2026-05-17,QR決済,4100
QR-C020-1-09,C020,2026-05-17,QR決済,1140
CARD-C020-2-01,C020,2026-05-21,クレジットカード,1450
CARD-C020-2-02,C020,2026-05-21,クレジットカード,1270
QR-C020-2-04,C020,2026-05-23,QR決済,2640
QR-C020-2-06,C020,2026-05-24,QR決済,2950
QR-C020-2-07,C020,2026-05-27,QR決済,2540
QR-C020-2-01,C020,2026-06-02,QR決済,2500
QR-C020-2-05,C020,2026-06-06,QR決済,3270
CARD-C020-2-04,C020,2026-06-06,クレジットカード,3740
CARD-C020-2-05,C020,2026-06-06,クレジットカード,4277
QR-C020-2-08,C020,2026-06-09,QR決済,2715
CARD-C020-2-00,C020,2026-06-11,クレジットカード,3100
QR-C020-2-00,C020,2026-06-12,QR決済,2970
QR-C020-2-02,C020,2026-06-12,QR決済,1170
CARD-C020-2-03,C020,2026-06-12,クレジットカード,4230
QR-C020-2-03,C020,2026-06-14,QR決済,1580
CARD-C020-3-01,C020,2026-06-20,クレジットカード,4090
CARD-C020-3-03,C020,2026-06-23,クレジットカード,1200
CARD-C020-3-00,C020,2026-07-07,クレジットカード,3570
CARD-C020-3-02,C020,2026-07-14,クレジットカード,3700
CARD-C020-3-04,C020,2026-07-16,クレジットカード,1401
CARD-C021-0-07,C021,2026-03-19,クレジットカード,4400
CARD-C021-0-00,C021,2026-03-22,クレジットカード,4390
CARD-C021-0-02,C021,2026-03-25,クレジットカード,6580
CARD-C021-0-08,C021,2026-03-26,クレジットカード,7279
CARD-C021-0-04,C021,2026-04-01,クレジットカード,5250
CARD-C021-0-03,C021,2026-04-02,クレジットカード,6920
CARD-C021-0-05,C021,2026-04-12,クレジットカード,7600
CARD-C021-0-06,C021,2026-04-12,クレジットカード,3080
CARD-C021-0-01,C021,2026-04-15,クレジットカード,6710
CARD-C021-1-01,C021,2026-04-22,クレジットカード,5580
CARD-C021-1-00,C021,2026-04-25,クレジットカード,8080
CARD-C021-1-07,C021,2026-04-25,クレジットカード,6665
CARD-C021-1-05,C021,2026-05-01,クレジットカード,7250
CARD-C021-1-04,C021,2026-05-04,クレジットカード,4140
CARD-C021-1-02,C021,2026-05-12,クレジットカード,4290
CARD-C021-1-03,C021,2026-05-12,クレジットカード,3490
CARD-C021-1-06,C021,2026-05-13,クレジットカード,5170
CARD-C021-2-00,C021,2026-05-18,クレジットカード,2740
CARD-C021-2-04,C021,2026-05-18,クレジットカード,7480
CARD-C021-2-02,C021,2026-05-22,クレジットカード,7280
CARD-C021-2-01,C021,2026-06-01,クレジットカード,4440
CARD-C021-2-05,C021,2026-06-09,クレジットカード,4940
CARD-C021-2-03,C021,2026-06-11,クレジットカード,7170
CARD-C021-2-06,C021,2026-06-12,クレジットカード,5911
CARD-C021-3-02,C021,2026-06-18,クレジットカード,5050
CARD-C021-3-00,C021,2026-06-29,クレジットカード,6400
CARD-C021-3-05,C021,2026-07-07,クレジットカード,5783
CARD-C021-3-03,C021,2026-07-08,クレジットカード,5530
CARD-C021-3-01,C021,2026-07-11,クレジットカード,3030
CARD-C021-3-04,C021,2026-07-16,クレジットカード,8320
QR-C022-0-01,C022,2026-03-19,QR決済,2100
CARD-C022-0-04,C022,2026-03-20,クレジットカード,8800
CARD-C022-0-03,C022,2026-03-22,クレジットカード,7060
CARD-C022-0-07,C022,2026-03-22,クレジットカード,4715
QR-C022-0-08,C022,2026-03-23,QR決済,2810
QR-C022-0-03,C022,2026-03-27,QR決済,3030
QR-C022-0-00,C022,2026-03-30,QR決済,1120
CARD-C022-0-02,C022,2026-03-30,クレジットカード,7380
QR-C022-0-10,C022,2026-03-31,QR決済,2790
QR-C022-0-11,C022,2026-04-02,QR決済,2440
QR-C022-0-05,C022,2026-04-04,QR決済,2790
CARD-C022-0-01,C022,2026-04-04,クレジットカード,3830
QR-C022-0-06,C022,2026-04-07,QR決済,3010
QR-C022-0-12,C022,2026-04-08,QR決済,1486
CARD-C022-0-00,C022,2026-04-08,クレジットカード,6170
CARD-C022-0-06,C022,2026-04-08,クレジットカード,2620
QR-C022-0-09,C022,2026-04-10,QR決済,2390
CARD-C022-0-05,C022,2026-04-12,クレジットカード,2960
QR-C022-0-02,C022,2026-04-14,QR決済,3030
QR-C022-0-04,C022,2026-04-16,QR決済,2610
QR-C022-0-07,C022,2026-04-17,QR決済,1740
QR-C022-1-02,C022,2026-04-19,QR決済,3170
QR-C022-1-01,C022,2026-04-20,QR決済,2480
QR-C022-1-00,C022,2026-04-27,QR決済,1520
QR-C022-1-04,C022,2026-04-28,QR決済,2910
QR-C022-1-05,C022,2026-04-30,QR決済,3450
QR-C022-1-03,C022,2026-05-05,QR決済,2790
CARD-C022-1-00,C022,2026-05-06,クレジットカード,5760
CARD-C022-1-01,C022,2026-05-06,クレジットカード,6670
CARD-C022-1-04,C022,2026-05-08,クレジットカード,4190
CARD-C022-1-05,C022,2026-05-09,クレジットカード,7956
CARD-C022-1-02,C022,2026-05-10,クレジットカード,2490
QR-C022-1-06,C022,2026-05-11,QR決済,3150
QR-C022-1-07,C022,2026-05-11,QR決済,2090
QR-C022-1-08,C022,2026-05-11,QR決済,1501
CARD-C022-1-03,C022,2026-05-16,クレジットカード,4950
QR-C022-2-02,C022,2026-05-18,QR決済,2490
QR-C022-2-03,C022,2026-05-18,QR決済,1560
QR-C022-2-01,C022,2026-05-23,QR決済,2430
QR-C022-2-06,C022,2026-06-04,QR決済,1919
CARD-C022-2-03,C022,2026-06-05,クレジットカード,4872
QR-C022-2-00,C022,2026-06-07,QR決済,3460
CARD-C022-2-02,C022,2026-06-09,クレジットカード,5400
QR-C022-2-05,C022,2026-06-12,QR決済,1840
CARD-C022-2-00,C022,2026-06-12,クレジットカード,6850
CARD-C022-2-01,C022,2026-06-13,クレジットカード,7340
QR-C022-2-04,C022,2026-06-15,QR決済,2410
CARD-C022-3-01,C022,2026-06-20,クレジットカード,6120
CARD-C022-3-00,C022,2026-06-24,クレジットカード,5870
CARD-C022-3-02,C022,2026-06-27,クレジットカード,4984
CARD-C023-0-06,C023,2026-03-19,クレジットカード,8440
QR-C023-0-20,C023,2026-03-20,QR決済,1710
CARD-C023-0-04,C023,2026-03-21,クレジットカード,5540
QR-C023-0-15,C023,2026-03-22,QR決済,1860
QR-C023-0-04,C023,2026-03-23,QR決済,800
QR-C023-0-06,C023,2026-03-23,QR決済,1250
QR-C023-0-10,C023,2026-03-23,QR決済,920
QR-C023-0-03,C023,2026-03-24,QR決済,1320
QR-C023-0-17,C023,2026-03-25,QR決済,1540
CARD-C023-0-00,C023,2026-03-29,クレジットカード,2530
QR-C023-0-01,C023,2026-04-01,QR決済,880
CARD-C023-0-03,C023,2026-04-01,クレジットカード,3750
CARD-C023-0-07,C023,2026-04-01,クレジットカード,3965
QR-C023-0-09,C023,2026-04-02,QR決済,780
QR-C023-0-18,C023,2026-04-02,QR決済,1620
CARD-C023-0-01,C023,2026-04-02,クレジットカード,3770
QR-C023-0-07,C023,2026-04-03,QR決済,710
QR-C023-0-19,C023,2026-04-03,QR決済,2230
CARD-C023-0-05,C023,2026-04-03,クレジットカード,5510
QR-C023-0-05,C023,2026-04-04,QR決済,1270
QR-C023-0-12,C023,2026-04-04,QR決済,1690
QR-C023-0-14,C023,2026-04-04,QR決済,1490
CARD-C023-0-02,C023,2026-04-05,クレジットカード,6120
QR-C023-0-08,C023,2026-04-10,QR決済,1270
QR-C023-0-11,C023,2026-04-10,QR決済,690
QR-C023-0-16,C023,2026-04-10,QR決済,2020
QR-C023-0-00,C023,2026-04-11,QR決済,1420
QR-C023-0-21,C023,2026-04-11,QR決済,2155
QR-C023-0-02,C023,2026-04-14,QR決済,1860
QR-C023-0-13,C023,2026-04-15,QR決済,1230
QR-C023-1-00,C023,2026-04-18,QR決済,950
QR-C023-1-06,C023,2026-04-19,QR決済,1360
QR-C023-1-04,C023,2026-04-20,QR決済,2300
CARD-C023-1-03,C023,2026-04-20,クレジットカード,5150
QR-C023-1-01,C023,2026-04-21,QR決済,1730
CARD-C023-1-07,C023,2026-04-24,クレジットカード,5710
QR-C023-1-10,C023,2026-04-27,QR決済,1240
QR-C023-1-14,C023,2026-04-28,QR決済,920
QR-C023-1-03,C023,2026-04-29,QR決済,880
QR-C023-1-16,C023,2026-04-30,QR決済,1460
QR-C023-1-07,C023,2026-05-01,QR決済,1210
CARD-C023-1-01,C023,2026-05-01,クレジットカード,7240
QR-C023-1-12,C023,2026-05-02,QR決済,1210
CARD-C023-1-02,C023,2026-05-02,クレジットカード,2040
QR-C023-1-08,C023,2026-05-03,QR決済,1660
QR-C023-1-17,C023,2026-05-03,QR決済,2460
CARD-C023-1-06,C023,2026-05-04,クレジットカード,6360
QR-C023-1-02,C023,2026-05-05,QR決済,2430
QR-C023-1-09,C023,2026-05-06,QR決済,870
QR-C023-1-11,C023,2026-05-06,QR決済,1370
CARD-C023-1-00,C023,2026-05-06,クレジットカード,5610
QR-C023-1-21,C023,2026-05-07,QR決済,2067
CARD-C023-1-05,C023,2026-05-08,クレジットカード,2520
QR-C023-1-19,C023,2026-05-11,QR決済,1190
QR-C023-1-15,C023,2026-05-13,QR決済,2160
CARD-C023-1-08,C023,2026-05-13,クレジットカード,2667
QR-C023-1-18,C023,2026-05-14,QR決済,1240
QR-C023-1-20,C023,2026-05-14,QR決済,1000
QR-C023-1-05,C023,2026-05-15,QR決済,860
CARD-C023-1-04,C023,2026-05-15,クレジットカード,5340
QR-C023-1-13,C023,2026-05-16,QR決済,700
QR-C023-2-16,C023,2026-05-18,QR決済,1100
QR-C023-2-22,C023,2026-05-18,QR決済,1160
CARD-C023-2-06,C023,2026-05-18,クレジットカード,6160
QR-C023-2-08,C023,2026-05-19,QR決済,1730
CARD-C023-2-07,C023,2026-05-19,クレジットカード,3890
QR-C023-2-02,C023,2026-05-20,QR決済,1750
QR-C023-2-17,C023,2026-05-21,QR決済,760
QR-C023-2-21,C023,2026-05-23,QR決済,1990
CARD-C023-2-05,C023,2026-05-23,クレジットカード,3750
QR-C023-2-03,C023,2026-05-24,QR決済,1970
QR-C023-2-11,C023,2026-05-24,QR決済,2220
QR-C023-2-23,C023,2026-05-26,QR決済,1762
CARD-C023-2-03,C023,2026-05-27,クレジットカード,5520
CARD-C023-2-00,C023,2026-06-01,クレジットカード,6440
QR-C023-2-13,C023,2026-06-02,QR決済,680
QR-C023-2-10,C023,2026-06-03,QR決済,1300
QR-C023-2-14,C023,2026-06-03,QR決済,1810
QR-C023-2-01,C023,2026-06-04,QR決済,850
QR-C023-2-05,C023,2026-06-04,QR決済,870
QR-C023-2-20,C023,2026-06-04,QR決済,1730
QR-C023-2-06,C023,2026-06-05,QR決済,1910
QR-C023-2-09,C023,2026-06-05,QR決済,1720
QR-C023-2-04,C023,2026-06-06,QR決済,1800
CARD-C023-2-02,C023,2026-06-06,クレジットカード,6530
QR-C023-2-00,C023,2026-06-07,QR決済,840
CARD-C023-2-04,C023,2026-06-07,クレジットカード,4310
QR-C023-2-18,C023,2026-06-08,QR決済,900
QR-C023-2-07,C023,2026-06-11,QR決済,760
QR-C023-2-12,C023,2026-06-11,QR決済,1210
CARD-C023-2-01,C023,2026-06-13,クレジットカード,3500
QR-C023-2-15,C023,2026-06-15,QR決済,1400
QR-C023-2-19,C023,2026-06-16,QR決済,640
CARD-C023-2-08,C023,2026-06-16,クレジットカード,1669
QR-C023-3-07,C023,2026-06-17,QR決済,1410
QR-C023-3-03,C023,2026-06-18,QR決済,2350
QR-C023-3-09,C023,2026-06-18,QR決済,2300
CARD-C023-3-04,C023,2026-06-19,クレジットカード,6910
CARD-C023-3-06,C023,2026-06-19,クレジットカード,2830
QR-C023-3-12,C023,2026-06-20,QR決済,1440
QR-C023-3-22,C023,2026-06-20,QR決済,1227
QR-C023-3-14,C023,2026-06-21,QR決済,1250
QR-C023-3-02,C023,2026-06-22,QR決済,2000
QR-C023-3-06,C023,2026-06-22,QR決済,1810
CARD-C023-3-00,C023,2026-06-22,クレジットカード,6510
QR-C023-3-18,C023,2026-06-25,QR決済,960
QR-C023-3-10,C023,2026-06-26,QR決済,690
CARD-C023-3-05,C023,2026-06-26,クレジットカード,6100
QR-C023-3-05,C023,2026-06-27,QR決済,2190
QR-C023-3-13,C023,2026-06-27,QR決済,2290
QR-C023-3-17,C023,2026-06-27,QR決済,830
QR-C023-3-11,C023,2026-06-29,QR決済,1480
QR-C023-3-19,C023,2026-06-29,QR決済,920
CARD-C023-3-07,C023,2026-06-29,クレジットカード,6090
QR-C023-3-00,C023,2026-06-30,QR決済,2150
QR-C023-3-15,C023,2026-06-30,QR決済,1130
CARD-C023-3-02,C023,2026-07-04,クレジットカード,3030
CARD-C023-3-03,C023,2026-07-05,クレジットカード,5260
QR-C023-3-04,C023,2026-07-06,QR決済,1490
QR-C023-3-01,C023,2026-07-08,QR決済,1110
QR-C023-3-08,C023,2026-07-09,QR決済,730
CARD-C023-3-08,C023,2026-07-09,クレジットカード,3189
CARD-C023-3-01,C023,2026-07-10,クレジットカード,3150
QR-C023-3-20,C023,2026-07-13,QR決済,1130
QR-C023-3-16,C023,2026-07-15,QR決済,860
QR-C023-3-21,C023,2026-07-15,QR決済,810
QR-C024-0-02,C024,2026-03-19,QR決済,2040
QR-C024-0-05,C024,2026-03-19,QR決済,2170
QR-C024-0-07,C024,2026-03-19,QR決済,1500
CARD-C024-0-05,C024,2026-03-19,クレジットカード,2560
QR-C024-0-19,C024,2026-03-21,QR決済,2344
CARD-C024-0-01,C024,2026-03-21,クレジットカード,5590
QR-C024-0-09,C024,2026-03-24,QR決済,1550
CARD-C024-0-07,C024,2026-03-26,クレジットカード,5840
CARD-C024-0-00,C024,2026-03-29,クレジットカード,5740
QR-C024-0-17,C024,2026-03-31,QR決済,2140
QR-C024-0-10,C024,2026-04-01,QR決済,1360
CARD-C024-0-09,C024,2026-04-01,クレジットカード,4893
QR-C024-0-04,C024,2026-04-03,QR決済,1760
QR-C024-0-15,C024,2026-04-03,QR決済,1550
QR-C024-0-11,C024,2026-04-05,QR決済,2490
QR-C024-0-18,C024,2026-04-05,QR決済,800
CARD-C024-0-03,C024,2026-04-06,クレジットカード,2540
QR-C024-0-03,C024,2026-04-07,QR決済,1410
QR-C024-0-00,C024,2026-04-08,QR決済,1050
QR-C024-0-08,C024,2026-04-09,QR決済,2330
QR-C024-0-13,C024,2026-04-10,QR決済,1330
QR-C024-0-14,C024,2026-04-10,QR決済,3020
CARD-C024-0-08,C024,2026-04-10,クレジットカード,4380
CARD-C024-0-06,C024,2026-04-11,クレジットカード,8440
QR-C024-0-16,C024,2026-04-12,QR決済,1820
CARD-C024-0-04,C024,2026-04-13,クレジットカード,7110
QR-C024-0-06,C024,2026-04-16,QR決済,2960
QR-C024-0-12,C024,2026-04-16,QR決済,1800
CARD-C024-0-02,C024,2026-04-16,クレジットカード,5740
QR-C024-0-01,C024,2026-04-17,QR決済,1090
QR-C024-1-01,C024,2026-04-18,QR決済,2050
QR-C024-1-04,C024,2026-04-18,QR決済,2430
QR-C024-1-12,C024,2026-04-20,QR決済,2300
CARD-C024-1-07,C024,2026-04-21,クレジットカード,5370
QR-C024-1-11,C024,2026-04-24,QR決済,1060
QR-C024-1-02,C024,2026-04-25,QR決済,860
CARD-C024-1-06,C024,2026-04-25,クレジットカード,2530
QR-C024-1-06,C024,2026-04-26,QR決済,2100
CARD-C024-1-05,C024,2026-04-26,クレジットカード,6720
QR-C024-1-16,C024,2026-04-27,QR決済,2628
CARD-C024-1-03,C024,2026-04-28,クレジットカード,4650
QR-C024-1-10,C024,2026-04-29,QR決済,1440
QR-C024-1-00,C024,2026-05-02,QR決済,2340
CARD-C024-1-08,C024,2026-05-03,クレジットカード,2496
QR-C024-1-14,C024,2026-05-07,QR決済,710
QR-C024-1-15,C024,2026-05-08,QR決済,1660
CARD-C024-1-01,C024,2026-05-08,クレジットカード,8770
QR-C024-1-07,C024,2026-05-09,QR決済,1430
QR-C024-1-09,C024,2026-05-10,QR決済,2420
QR-C024-1-03,C024,2026-05-11,QR決済,760
QR-C024-1-05,C024,2026-05-12,QR決済,2090
CARD-C024-1-00,C024,2026-05-13,クレジットカード,9050
QR-C024-1-13,C024,2026-05-14,QR決済,2150
CARD-C024-1-04,C024,2026-05-14,クレジットカード,2780
QR-C024-1-08,C024,2026-05-17,QR決済,2390
CARD-C024-1-02,C024,2026-05-17,クレジットカード,3720
QR-C024-2-09,C024,2026-05-20,QR決済,2890
QR-C024-2-13,C024,2026-05-20,QR決済,1830
CARD-C024-2-03,C024,2026-05-21,クレジットカード,4540
QR-C024-2-11,C024,2026-05-22,QR決済,970
QR-C024-2-14,C024,2026-05-22,QR決済,1100
QR-C024-2-08,C024,2026-05-23,QR決済,750
QR-C024-2-00,C024,2026-05-24,QR決済,2500
CARD-C024-2-01,C024,2026-06-01,クレジットカード,4590
CARD-C024-2-05,C024,2026-06-01,クレジットカード,8690
QR-C024-2-03,C024,2026-06-05,QR決済,2850
QR-C024-2-07,C024,2026-06-05,QR決済,2060
QR-C024-2-10,C024,2026-06-05,QR決済,2130
CARD-C024-2-06,C024,2026-06-05,クレジットカード,7547
QR-C024-2-06,C024,2026-06-06,QR決済,2270
CARD-C024-2-00,C024,2026-06-06,クレジットカード,3890
CARD-C024-2-04,C024,2026-06-07,クレジットカード,7670
QR-C024-2-01,C024,2026-06-08,QR決済,1210
QR-C024-2-04,C024,2026-06-08,QR決済,810
QR-C024-2-05,C024,2026-06-08,QR決済,1810
QR-C024-2-02,C024,2026-06-10,QR決済,2880
QR-C024-2-12,C024,2026-06-10,QR決済,1340
CARD-C024-2-02,C024,2026-06-11,クレジットカード,2640
QR-C024-3-04,C024,2026-06-18,QR決済,2440
CARD-C024-3-02,C024,2026-06-18,クレジットカード,7070
QR-C024-3-11,C024,2026-06-20,QR決済,1960
CARD-C024-3-01,C024,2026-06-21,クレジットカード,7390
QR-C024-3-10,C024,2026-06-25,QR決済,1280
QR-C024-3-06,C024,2026-06-27,QR決済,2210
QR-C024-3-00,C024,2026-06-30,QR決済,1300
QR-C024-3-07,C024,2026-06-30,QR決済,2900
QR-C024-3-09,C024,2026-06-30,QR決済,1900
CARD-C024-3-05,C024,2026-07-01,クレジットカード,5802
QR-C024-3-01,C024,2026-07-07,QR決済,1980
QR-C024-3-03,C024,2026-07-07,QR決済,1870
QR-C024-3-02,C024,2026-07-08,QR決済,1230
QR-C024-3-12,C024,2026-07-08,QR決済,1717
CARD-C024-3-00,C024,2026-07-12,クレジットカード,2590
CARD-C024-3-04,C024,2026-07-12,クレジットカード,6920
QR-C024-3-05,C024,2026-07-14,QR決済,1150
QR-C024-3-08,C024,2026-07-14,QR決済,2250
CARD-C024-3-03,C024,2026-07-16,クレジットカード,4020
QR-C025-0-09,C025,2026-03-19,QR決済,2740
CARD-C025-0-03,C025,2026-03-21,クレジットカード,1790
QR-C025-0-04,C025,2026-03-22,QR決済,1430
CARD-C025-0-04,C025,2026-03-22,クレジットカード,1630
CARD-C025-0-05,C025,2026-03-23,クレジットカード,1570
CARD-C025-0-08,C025,2026-03-23,クレジットカード,3590
QR-C025-0-14,C025,2026-03-25,QR決済,2931
CARD-C025-0-10,C025,2026-03-25,クレジットカード,3050
CARD-C025-0-11,C025,2026-03-25,クレジットカード,3760
CARD-C025-0-20,C025,2026-03-26,クレジットカード,2950
QR-C025-0-05,C025,2026-03-29,QR決済,1420
QR-C025-0-12,C025,2026-03-29,QR決済,3530
CARD-C025-0-16,C025,2026-03-29,クレジットカード,2180
CARD-C025-0-15,C025,2026-03-30,クレジットカード,2170
CARD-C025-0-13,C025,2026-03-31,クレジットカード,1680
QR-C025-0-00,C025,2026-04-01,QR決済,1430
CARD-C025-0-00,C025,2026-04-01,クレジットカード,1840
CARD-C025-0-18,C025,2026-04-01,クレジットカード,2650
QR-C025-0-10,C025,2026-04-02,QR決済,4410
QR-C025-0-11,C025,2026-04-04,QR決済,4130
CARD-C025-0-12,C025,2026-04-05,クレジットカード,2070
QR-C025-0-13,C025,2026-04-06,QR決済,2900
QR-C025-0-02,C025,2026-04-07,QR決済,2820
QR-C025-0-03,C025,2026-04-07,QR決済,1600
CARD-C025-0-17,C025,2026-04-07,クレジットカード,1560
QR-C025-0-06,C025,2026-04-08,QR決済,4360
CARD-C025-0-19,C025,2026-04-08,クレジットカード,3490
QR-C025-0-07,C025,2026-04-09,QR決済,2710
CARD-C025-0-02,C025,2026-04-10,クレジットカード,3640
CARD-C025-0-14,C025,2026-04-10,クレジットカード,2440
QR-C025-0-08,C025,2026-04-13,QR決済,3500
CARD-C025-0-09,C025,2026-04-13,クレジットカード,1450
QR-C025-0-01,C025,2026-04-16,QR決済,3480
CARD-C025-0-01,C025,2026-04-16,クレジットカード,1570
CARD-C025-0-06,C025,2026-04-16,クレジットカード,1840
CARD-C025-0-07,C025,2026-04-17,クレジットカード,1340
QR-C025-1-11,C025,2026-04-22,QR決済,2200
QR-C025-1-12,C025,2026-04-22,QR決済,1990
CARD-C025-1-04,C025,2026-04-23,クレジットカード,1690
CARD-C025-1-14,C025,2026-04-26,クレジットカード,3010
QR-C025-1-06,C025,2026-04-27,QR決済,1950
QR-C025-1-14,C025,2026-04-27,QR決済,1955
CARD-C025-1-05,C025,2026-04-28,クレジットカード,1300
QR-C025-1-05,C025,2026-04-29,QR決済,5240
CARD-C025-1-00,C025,2026-04-29,クレジットカード,3380
CARD-C025-1-07,C025,2026-04-29,クレジットカード,2590
CARD-C025-1-16,C025,2026-04-30,クレジットカード,2550
QR-C025-1-01,C025,2026-05-01,QR決済,1460
CARD-C025-1-03,C025,2026-05-02,クレジットカード,3200
QR-C025-1-13,C025,2026-05-03,QR決済,1600
CARD-C025-1-01,C025,2026-05-03,クレジットカード,2950
CARD-C025-1-10,C025,2026-05-03,クレジットカード,2270
CARD-C025-1-12,C025,2026-05-03,クレジットカード,2210
CARD-C025-1-13,C025,2026-05-03,クレジットカード,2860
QR-C025-1-02,C025,2026-05-04,QR決済,4430
CARD-C025-1-02,C025,2026-05-04,クレジットカード,2480
CARD-C025-1-08,C025,2026-05-04,クレジットカード,1650
QR-C025-1-09,C025,2026-05-05,QR決済,3450
QR-C025-1-00,C025,2026-05-06,QR決済,1870
QR-C025-1-07,C025,2026-05-06,QR決済,3570
CARD-C025-1-15,C025,2026-05-06,クレジットカード,3030
CARD-C025-1-20,C025,2026-05-06,クレジットカード,2915
QR-C025-1-03,C025,2026-05-08,QR決済,3920
CARD-C025-1-17,C025,2026-05-08,クレジットカード,1350
CARD-C025-1-06,C025,2026-05-10,クレジットカード,1560
CARD-C025-1-09,C025,2026-05-10,クレジットカード,1240
CARD-C025-1-11,C025,2026-05-10,クレジットカード,2470
QR-C025-1-04,C025,2026-05-12,QR決済,4970
QR-C025-1-10,C025,2026-05-12,QR決済,4040
CARD-C025-1-19,C025,2026-05-13,クレジットカード,3270
QR-C025-1-08,C025,2026-05-16,QR決済,2920
CARD-C025-1-18,C025,2026-05-17,クレジットカード,1940
CARD-C025-2-00,C025,2026-05-18,クレジットカード,3080
CARD-C025-2-06,C025,2026-05-20,クレジットカード,2380
CARD-C025-2-09,C025,2026-05-20,クレジットカード,3690
CARD-C025-2-16,C025,2026-05-20,クレジットカード,1170
CARD-C025-2-23,C025,2026-05-20,クレジットカード,1920
QR-C025-2-14,C025,2026-05-21,QR決済,1510
CARD-C025-2-21,C025,2026-05-21,クレジットカード,2200
CARD-C025-2-22,C025,2026-05-21,クレジットカード,2610
QR-C025-2-13,C025,2026-05-23,QR決済,2010
CARD-C025-2-01,C025,2026-05-23,クレジットカード,1700
CARD-C025-2-03,C025,2026-05-25,クレジットカード,2460
CARD-C025-2-20,C025,2026-05-25,クレジットカード,2400
CARD-C025-2-04,C025,2026-05-26,クレジットカード,1780
CARD-C025-2-18,C025,2026-05-26,クレジットカード,2100
QR-C025-2-10,C025,2026-05-27,QR決済,2540
CARD-C025-2-10,C025,2026-05-27,クレジットカード,1840
QR-C025-2-04,C025,2026-05-28,QR決済,3720
QR-C025-2-08,C025,2026-05-28,QR決済,3350
QR-C025-2-12,C025,2026-05-28,QR決済,3660
CARD-C025-2-07,C025,2026-05-29,クレジットカード,2230
QR-C025-2-11,C025,2026-05-31,QR決済,4920
QR-C025-2-01,C025,2026-06-01,QR決済,2350
QR-C025-2-15,C025,2026-06-01,QR決済,1960
CARD-C025-2-02,C025,2026-06-01,クレジットカード,3850
CARD-C025-2-12,C025,2026-06-03,クレジットカード,3400
CARD-C025-2-13,C025,2026-06-03,クレジットカード,1970
CARD-C025-2-14,C025,2026-06-04,クレジットカード,2670
QR-C025-2-06,C025,2026-06-05,QR決済,2140
QR-C025-2-07,C025,2026-06-05,QR決済,4330
QR-C025-2-02,C025,2026-06-06,QR決済,4900
QR-C025-2-09,C025,2026-06-06,QR決済,1460
CARD-C025-2-05,C025,2026-06-07,クレジットカード,1730
CARD-C025-2-15,C025,2026-06-07,クレジットカード,1770
QR-C025-2-00,C025,2026-06-09,QR決済,3520
QR-C025-2-03,C025,2026-06-09,QR決済,3200
CARD-C025-2-17,C025,2026-06-12,クレジットカード,2650
CARD-C025-2-11,C025,2026-06-13,クレジットカード,1310
QR-C025-2-05,C025,2026-06-14,QR決済,1800
QR-C025-2-16,C025,2026-06-15,QR決済,3028
CARD-C025-2-08,C025,2026-06-15,クレジットカード,1540
CARD-C025-2-19,C025,2026-06-16,クレジットカード,2460
QR-C025-3-11,C025,2026-06-17,QR決済,4410
QR-C025-3-10,C025,2026-06-18,QR決済,2730
QR-C025-3-00,C025,2026-06-20,QR決済,4620
QR-C025-3-01,C025,2026-06-21,QR決済,1540
CARD-C025-3-03,C025,2026-06-21,クレジットカード,2700
QR-C025-3-15,C025,2026-06-22,QR決済,2860
QR-C025-3-04,C025,2026-06-23,QR決済,2290
QR-C025-3-12,C025,2026-06-23,QR決済,2220
QR-C025-3-13,C025,2026-06-23,QR決済,2130
CARD-C025-3-10,C025,2026-06-23,クレジットカード,1260
QR-C025-3-16,C025,2026-06-24,QR決済,1670
CARD-C025-3-06,C025,2026-06-24,クレジットカード,2950
CARD-C025-3-07,C025,2026-06-24,クレジットカード,3160
CARD-C025-3-12,C025,2026-06-24,クレジットカード,2810
QR-C025-3-02,C025,2026-06-26,QR決済,2270
QR-C025-3-14,C025,2026-06-26,QR決済,5440
CARD-C025-3-22,C025,2026-06-27,クレジットカード,941
QR-C025-3-09,C025,2026-06-28,QR決済,5290
CARD-C025-3-05,C025,2026-06-29,クレジットカード,2890
QR-C025-3-03,C025,2026-07-01,QR決済,1390
CARD-C025-3-18,C025,2026-07-01,クレジットカード,3570
CARD-C025-3-21,C025,2026-07-01,クレジットカード,2920
CARD-C025-3-11,C025,2026-07-02,クレジットカード,3180
CARD-C025-3-01,C025,2026-07-03,クレジットカード,2360
CARD-C025-3-13,C025,2026-07-03,クレジットカード,2350
CARD-C025-3-16,C025,2026-07-04,クレジットカード,1650
QR-C025-3-06,C025,2026-07-05,QR決済,3940
CARD-C025-3-14,C025,2026-07-05,クレジットカード,1590
QR-C025-3-05,C025,2026-07-07,QR決済,2320
CARD-C025-3-00,C025,2026-07-07,クレジットカード,1860
CARD-C025-3-08,C025,2026-07-10,クレジットカード,1400
CARD-C025-3-09,C025,2026-07-10,クレジットカード,2510
CARD-C025-3-19,C025,2026-07-10,クレジットカード,3430
QR-C025-3-08,C025,2026-07-11,QR決済,4390
CARD-C025-3-02,C025,2026-07-11,クレジットカード,1790
CARD-C025-3-17,C025,2026-07-11,クレジットカード,1820
CARD-C025-3-15,C025,2026-07-12,クレジットカード,2960
CARD-C025-3-20,C025,2026-07-13,クレジットカード,3100
CARD-C025-3-04,C025,2026-07-14,クレジットカード,1560
QR-C025-3-17,C025,2026-07-15,QR決済,1502
QR-C025-3-07,C025,2026-07-16,QR決済,2350
CARD-C027-0-03,C027,2026-03-19,クレジットカード,5660
CARD-C027-0-00,C027,2026-03-23,クレジットカード,5770
CARD-C027-0-01,C027,2026-03-28,クレジットカード,3310
CARD-C027-0-09,C027,2026-03-29,クレジットカード,4678
CARD-C027-0-08,C027,2026-03-30,クレジットカード,3630
CARD-C027-0-04,C027,2026-04-03,クレジットカード,5290
CARD-C027-0-06,C027,2026-04-09,クレジットカード,4020
CARD-C027-0-02,C027,2026-04-11,クレジットカード,2670
CARD-C027-0-05,C027,2026-04-13,クレジットカード,2780
CARD-C027-0-07,C027,2026-04-14,クレジットカード,4570
CARD-C027-1-02,C027,2026-04-19,クレジットカード,5180
CARD-C027-1-04,C027,2026-04-22,クレジットカード,4880
CARD-C027-1-05,C027,2026-04-22,クレジットカード,3020
CARD-C027-1-06,C027,2026-04-28,クレジットカード,4380
CARD-C027-1-00,C027,2026-05-06,クレジットカード,2660
CARD-C027-1-01,C027,2026-05-13,クレジットカード,3620
CARD-C027-1-03,C027,2026-05-17,クレジットカード,5230
CARD-C027-2-03,C027,2026-05-20,クレジットカード,3790
CARD-C027-2-01,C027,2026-05-24,クレジットカード,4730
CARD-C027-2-00,C027,2026-05-30,クレジットカード,3760
CARD-C027-2-02,C027,2026-05-30,クレジットカード,5210
CARD-C027-2-04,C027,2026-06-04,クレジットカード,3025
CARD-C027-3-00,C027,2026-07-01,クレジットカード,4730
CARD-C027-3-01,C027,2026-07-07,クレジットカード,5320
CARD-C027-3-02,C027,2026-07-15,クレジットカード,4354
QR-C028-0-03,C028,2026-03-19,QR決済,680
QR-C028-0-21,C028,2026-03-20,QR決済,1000
QR-C028-0-06,C028,2026-03-21,QR決済,480
QR-C028-0-23,C028,2026-03-21,QR決済,960
QR-C028-0-04,C028,2026-03-23,QR決済,1540
QR-C028-0-02,C028,2026-03-25,QR決済,1340
QR-C028-0-11,C028,2026-03-26,QR決済,830
QR-C028-0-01,C028,2026-03-27,QR決済,670
QR-C028-0-24,C028,2026-03-28,QR決済,1640
QR-C028-0-34,C028,2026-03-28,QR決済,1398
QR-C028-0-13,C028,2026-03-29,QR決済,1050
QR-C028-0-29,C028,2026-03-30,QR決済,1330
QR-C028-0-08,C028,2026-03-31,QR決済,1650
QR-C028-0-00,C028,2026-04-02,QR決済,850
QR-C028-0-05,C028,2026-04-02,QR決済,1250
QR-C028-0-18,C028,2026-04-02,QR決済,960
QR-C028-0-19,C028,2026-04-02,QR決済,1760
QR-C028-0-28,C028,2026-04-02,QR決済,1530
QR-C028-0-17,C028,2026-04-03,QR決済,1650
QR-C028-0-12,C028,2026-04-04,QR決済,1140
QR-C028-0-15,C028,2026-04-06,QR決済,460
QR-C028-0-20,C028,2026-04-06,QR決済,610
QR-C028-0-09,C028,2026-04-07,QR決済,960
QR-C028-0-25,C028,2026-04-08,QR決済,720
QR-C028-0-30,C028,2026-04-10,QR決済,650
QR-C028-0-32,C028,2026-04-10,QR決済,860
QR-C028-0-22,C028,2026-04-11,QR決済,1430
QR-C028-0-10,C028,2026-04-13,QR決済,720
QR-C028-0-33,C028,2026-04-13,QR決済,710
QR-C028-0-07,C028,2026-04-14,QR決済,710
QR-C028-0-31,C028,2026-04-14,QR決済,1210
QR-C028-0-16,C028,2026-04-16,QR決済,880
QR-C028-0-26,C028,2026-04-16,QR決済,1600
QR-C028-0-14,C028,2026-04-17,QR決済,930
QR-C028-0-27,C028,2026-04-17,QR決済,850
QR-C028-1-03,C028,2026-04-18,QR決済,960
QR-C028-1-30,C028,2026-04-18,QR決済,640
QR-C028-1-02,C028,2026-04-19,QR決済,1520
QR-C028-1-15,C028,2026-04-20,QR決済,1570
QR-C028-1-16,C028,2026-04-20,QR決済,1120
QR-C028-1-05,C028,2026-04-21,QR決済,1230
QR-C028-1-32,C028,2026-04-21,QR決済,490
QR-C028-1-35,C028,2026-04-21,QR決済,1300
QR-C028-1-08,C028,2026-04-22,QR決済,1280
QR-C028-1-22,C028,2026-04-22,QR決済,960
QR-C028-1-27,C028,2026-04-23,QR決済,1080
QR-C028-1-28,C028,2026-04-23,QR決済,1430
QR-C028-1-33,C028,2026-04-23,QR決済,460
QR-C028-1-00,C028,2026-04-24,QR決済,930
QR-C028-1-19,C028,2026-04-25,QR決済,1370
QR-C028-1-04,C028,2026-04-26,QR決済,660
QR-C028-1-25,C028,2026-04-26,QR決済,900
QR-C028-1-34,C028,2026-04-27,QR決済,1250
QR-C028-1-09,C028,2026-04-28,QR決済,1330
QR-C028-1-01,C028,2026-04-30,QR決済,1490
QR-C028-1-38,C028,2026-04-30,QR決済,950
QR-C028-1-12,C028,2026-05-02,QR決済,490
QR-C028-1-14,C028,2026-05-02,QR決済,630
QR-C028-1-21,C028,2026-05-02,QR決済,1600
QR-C028-1-13,C028,2026-05-03,QR決済,1570
QR-C028-1-23,C028,2026-05-03,QR決済,1410
QR-C028-1-17,C028,2026-05-05,QR決済,1290
QR-C028-1-36,C028,2026-05-05,QR決済,1020
QR-C028-1-31,C028,2026-05-07,QR決済,700
QR-C028-1-10,C028,2026-05-09,QR決済,550
QR-C028-1-18,C028,2026-05-09,QR決済,520
QR-C028-1-06,C028,2026-05-10,QR決済,990
QR-C028-1-20,C028,2026-05-10,QR決済,1590
QR-C028-1-11,C028,2026-05-11,QR決済,1330
QR-C028-1-37,C028,2026-05-11,QR決済,870
QR-C028-1-24,C028,2026-05-14,QR決済,590
QR-C028-1-26,C028,2026-05-14,QR決済,1400
QR-C028-1-29,C028,2026-05-14,QR決済,960
QR-C028-1-07,C028,2026-05-17,QR決済,930
QR-C028-2-11,C028,2026-05-18,QR決済,1340
QR-C028-2-15,C028,2026-05-18,QR決済,600
QR-C028-2-27,C028,2026-05-19,QR決済,480
QR-C028-2-20,C028,2026-05-20,QR決済,980
QR-C028-2-28,C028,2026-05-20,QR決済,1600
QR-C028-2-04,C028,2026-05-21,QR決済,1070
QR-C028-2-07,C028,2026-05-21,QR決済,1700
QR-C028-2-36,C028,2026-05-21,QR決済,520
QR-C028-2-10,C028,2026-05-23,QR決済,530
QR-C028-2-06,C028,2026-05-24,QR決済,1450
QR-C028-2-17,C028,2026-05-24,QR決済,1080
QR-C028-2-30,C028,2026-05-24,QR決済,550
QR-C028-2-05,C028,2026-05-25,QR決済,710
QR-C028-2-19,C028,2026-05-25,QR決済,530
QR-C028-2-23,C028,2026-05-26,QR決済,1720
QR-C028-2-32,C028,2026-05-27,QR決済,590
QR-C028-2-09,C028,2026-05-28,QR決済,1070
QR-C028-2-14,C028,2026-05-28,QR決済,1370
QR-C028-2-08,C028,2026-05-29,QR決済,1200
QR-C028-2-26,C028,2026-05-29,QR決済,500
QR-C028-2-02,C028,2026-05-30,QR決済,480
QR-C028-2-12,C028,2026-05-30,QR決済,1180
QR-C028-2-16,C028,2026-05-30,QR決済,1420
QR-C028-2-03,C028,2026-05-31,QR決済,840
QR-C028-2-31,C028,2026-05-31,QR決済,1790
QR-C028-2-18,C028,2026-06-01,QR決済,1290
QR-C028-2-35,C028,2026-06-02,QR決済,1460
QR-C028-2-01,C028,2026-06-04,QR決済,1390
QR-C028-2-38,C028,2026-06-04,QR決済,1590
QR-C028-2-25,C028,2026-06-06,QR決済,480
QR-C028-2-34,C028,2026-06-06,QR決済,1380
QR-C028-2-13,C028,2026-06-07,QR決済,1380
QR-C028-2-24,C028,2026-06-07,QR決済,740
QR-C028-2-21,C028,2026-06-08,QR決済,740
QR-C028-2-37,C028,2026-06-09,QR決済,1170
QR-C028-2-33,C028,2026-06-11,QR決済,1620
QR-C028-2-39,C028,2026-06-12,QR決済,910
QR-C028-2-22,C028,2026-06-13,QR決済,810
QR-C028-2-41,C028,2026-06-14,QR決済,1296
QR-C028-2-29,C028,2026-06-15,QR決済,1400
QR-C028-2-00,C028,2026-06-16,QR決済,690
QR-C028-2-40,C028,2026-06-16,QR決済,1330
QR-C028-3-08,C028,2026-06-17,QR決済,630
QR-C028-3-35,C028,2026-06-17,QR決済,780
QR-C028-3-00,C028,2026-06-18,QR決済,1220
QR-C028-3-17,C028,2026-06-18,QR決済,1060
QR-C028-3-41,C028,2026-06-18,QR決済,880
QR-C028-3-36,C028,2026-06-19,QR決済,1440
QR-C028-3-39,C028,2026-06-19,QR決済,1640
QR-C028-3-32,C028,2026-06-22,QR決済,730
QR-C028-3-15,C028,2026-06-23,QR決済,480
QR-C028-3-40,C028,2026-06-23,QR決済,630
QR-C028-3-09,C028,2026-06-24,QR決済,690
QR-C028-3-14,C028,2026-06-24,QR決済,540
QR-C028-3-21,C028,2026-06-24,QR決済,1410
QR-C028-3-26,C028,2026-06-24,QR決済,770
QR-C028-3-06,C028,2026-06-26,QR決済,1710
QR-C028-3-12,C028,2026-06-27,QR決済,1780
QR-C028-3-13,C028,2026-06-27,QR決済,1360
QR-C028-3-31,C028,2026-06-27,QR決済,1130
QR-C028-3-29,C028,2026-06-29,QR決済,560
QR-C028-3-03,C028,2026-06-30,QR決済,890
QR-C028-3-33,C028,2026-07-01,QR決済,960
QR-C028-3-38,C028,2026-07-02,QR決済,1050
QR-C028-3-01,C028,2026-07-03,QR決済,790
QR-C028-3-30,C028,2026-07-03,QR決済,640
QR-C028-3-16,C028,2026-07-04,QR決済,1690
QR-C028-3-27,C028,2026-07-06,QR決済,1030
QR-C028-3-04,C028,2026-07-07,QR決済,1310
QR-C028-3-34,C028,2026-07-07,QR決済,1320
QR-C028-3-42,C028,2026-07-07,QR決済,1538
QR-C028-3-20,C028,2026-07-08,QR決済,1140
QR-C028-3-23,C028,2026-07-08,QR決済,480
QR-C028-3-24,C028,2026-07-09,QR決済,1480
QR-C028-3-11,C028,2026-07-10,QR決済,1390
QR-C028-3-25,C028,2026-07-10,QR決済,620
QR-C028-3-07,C028,2026-07-11,QR決済,1500
QR-C028-3-02,C028,2026-07-12,QR決済,580
QR-C028-3-22,C028,2026-07-12,QR決済,470
QR-C028-3-05,C028,2026-07-13,QR決済,980
QR-C028-3-10,C028,2026-07-14,QR決済,1490
QR-C028-3-28,C028,2026-07-14,QR決済,780
QR-C028-3-37,C028,2026-07-14,QR決済,1790
QR-C028-3-18,C028,2026-07-16,QR決済,1150
QR-C028-3-19,C028,2026-07-16,QR決済,1460
QR-C029-0-01,C029,2026-03-24,QR決済,4050
QR-C029-0-09,C029,2026-03-25,QR決済,2550
QR-C029-0-03,C029,2026-03-26,QR決済,1620
QR-C029-0-10,C029,2026-03-27,QR決済,1590
QR-C029-0-04,C029,2026-03-28,QR決済,2810
QR-C029-0-05,C029,2026-03-28,QR決済,3600
QR-C029-0-00,C029,2026-04-01,QR決済,4220
QR-C029-0-07,C029,2026-04-02,QR決済,2680
QR-C029-0-06,C029,2026-04-06,QR決済,1710
QR-C029-0-02,C029,2026-04-07,QR決済,1460
QR-C029-0-08,C029,2026-04-08,QR決済,2420
QR-C029-0-11,C029,2026-04-15,QR決済,1692
QR-C029-1-02,C029,2026-04-18,QR決済,3850
QR-C029-1-07,C029,2026-04-20,QR決済,3150
QR-C029-1-04,C029,2026-04-30,QR決済,1480
QR-C029-1-05,C029,2026-05-01,QR決済,2280
QR-C029-1-01,C029,2026-05-03,QR決済,1220
QR-C029-1-03,C029,2026-05-12,QR決済,2160
QR-C029-1-08,C029,2026-05-12,QR決済,3220
QR-C029-1-00,C029,2026-05-13,QR決済,3290
QR-C029-1-06,C029,2026-05-15,QR決済,2470
QR-C029-1-09,C029,2026-05-17,QR決済,3399
QR-C029-2-00,C029,2026-05-20,QR決済,3860
QR-C029-2-02,C029,2026-05-22,QR決済,1500
QR-C029-2-06,C029,2026-05-22,QR決済,2420
QR-C029-2-05,C029,2026-05-24,QR決済,2450
QR-C029-2-08,C029,2026-05-24,QR決済,2886
QR-C029-2-01,C029,2026-05-28,QR決済,2860
QR-C029-2-04,C029,2026-06-02,QR決済,1820
QR-C029-2-03,C029,2026-06-09,QR決済,3260
QR-C029-2-07,C029,2026-06-16,QR決済,2180
QR-C029-3-05,C029,2026-06-19,QR決済,2320
QR-C029-3-02,C029,2026-06-26,QR決済,3300
QR-C029-3-00,C029,2026-06-29,QR決済,1050
QR-C029-3-06,C029,2026-06-30,QR決済,2260
QR-C029-3-01,C029,2026-07-02,QR決済,3700
QR-C029-3-04,C029,2026-07-05,QR決済,2290
QR-C029-3-03,C029,2026-07-07,QR決済,2190
QR-C029-3-07,C029,2026-07-15,QR決済,3326
QR-C030-0-23,C030,2026-03-21,QR決済,560
QR-C030-0-24,C030,2026-03-22,QR決済,750
QR-C030-0-31,C030,2026-03-23,QR決済,1050
QR-C030-0-03,C030,2026-03-24,QR決済,850
QR-C030-0-00,C030,2026-03-25,QR決済,350
QR-C030-0-34,C030,2026-03-25,QR決済,690
QR-C030-0-06,C030,2026-03-27,QR決済,560
QR-C030-0-32,C030,2026-03-27,QR決済,930
QR-C030-0-08,C030,2026-03-28,QR決済,1000
QR-C030-0-15,C030,2026-03-28,QR決済,1010
QR-C030-0-29,C030,2026-03-30,QR決済,1110
QR-C030-0-13,C030,2026-03-31,QR決済,930
QR-C030-0-37,C030,2026-03-31,QR決済,810
QR-C030-0-02,C030,2026-04-01,QR決済,680
QR-C030-0-05,C030,2026-04-01,QR決済,730
QR-C030-0-17,C030,2026-04-01,QR決済,350
QR-C030-0-09,C030,2026-04-04,QR決済,800
QR-C030-0-10,C030,2026-04-05,QR決済,780
QR-C030-0-14,C030,2026-04-06,QR決済,1200
QR-C030-0-26,C030,2026-04-06,QR決済,560
QR-C030-0-25,C030,2026-04-08,QR決済,960
QR-C030-0-11,C030,2026-04-09,QR決済,970
QR-C030-0-07,C030,2026-04-10,QR決済,1180
QR-C030-0-16,C030,2026-04-11,QR決済,550
QR-C030-0-21,C030,2026-04-11,QR決済,980
QR-C030-0-33,C030,2026-04-11,QR決済,1190
QR-C030-0-36,C030,2026-04-11,QR決済,1170
QR-C030-0-18,C030,2026-04-12,QR決済,1090
QR-C030-0-27,C030,2026-04-12,QR決済,890
QR-C030-0-28,C030,2026-04-13,QR決済,1220
QR-C030-0-04,C030,2026-04-14,QR決済,500
QR-C030-0-30,C030,2026-04-14,QR決済,330
QR-C030-0-22,C030,2026-04-15,QR決済,930
QR-C030-0-01,C030,2026-04-16,QR決済,1190
QR-C030-0-12,C030,2026-04-16,QR決済,980
QR-C030-0-19,C030,2026-04-16,QR決済,920
QR-C030-0-20,C030,2026-04-17,QR決済,960
QR-C030-0-35,C030,2026-04-17,QR決済,870
QR-C030-1-05,C030,2026-04-18,QR決済,1310
QR-C030-1-37,C030,2026-04-18,QR決済,710
QR-C030-1-00,C030,2026-04-19,QR決済,1220
QR-C030-1-31,C030,2026-04-19,QR決済,470
QR-C030-1-01,C030,2026-04-21,QR決済,400
QR-C030-1-36,C030,2026-04-21,QR決済,400
QR-C030-1-02,C030,2026-04-24,QR決済,590
QR-C030-1-25,C030,2026-04-25,QR決済,1470
QR-C030-1-10,C030,2026-04-26,QR決済,600
QR-C030-1-15,C030,2026-04-28,QR決済,520
QR-C030-1-18,C030,2026-04-28,QR決済,630
QR-C030-1-22,C030,2026-04-28,QR決済,1550
QR-C030-1-23,C030,2026-04-28,QR決済,1420
QR-C030-1-34,C030,2026-04-28,QR決済,970
QR-C030-1-19,C030,2026-04-29,QR決済,1280
QR-C030-1-26,C030,2026-04-29,QR決済,520
QR-C030-1-32,C030,2026-04-29,QR決済,430
QR-C030-1-06,C030,2026-04-30,QR決済,890
QR-C030-1-28,C030,2026-04-30,QR決済,490
QR-C030-1-29,C030,2026-04-30,QR決済,490
QR-C030-1-17,C030,2026-05-01,QR決済,640
QR-C030-1-38,C030,2026-05-02,QR決済,1520
QR-C030-1-12,C030,2026-05-03,QR決済,550
QR-C030-1-13,C030,2026-05-03,QR決済,970
QR-C030-1-03,C030,2026-05-04,QR決済,970
QR-C030-1-08,C030,2026-05-04,QR決済,730
QR-C030-1-07,C030,2026-05-07,QR決済,890
QR-C030-1-16,C030,2026-05-07,QR決済,1060
QR-C030-1-30,C030,2026-05-07,QR決済,540
QR-C030-1-20,C030,2026-05-09,QR決済,1350
QR-C030-1-27,C030,2026-05-09,QR決済,1140
QR-C030-1-40,C030,2026-05-10,QR決済,1360
QR-C030-1-09,C030,2026-05-12,QR決済,900
QR-C030-1-14,C030,2026-05-12,QR決済,990
QR-C030-1-04,C030,2026-05-13,QR決済,510
QR-C030-1-35,C030,2026-05-13,QR決済,1290
QR-C030-1-24,C030,2026-05-14,QR決済,910
QR-C030-1-33,C030,2026-05-15,QR決済,670
QR-C030-1-39,C030,2026-05-15,QR決済,1180
QR-C030-1-21,C030,2026-05-16,QR決済,620
QR-C030-1-11,C030,2026-05-17,QR決済,610
QR-C030-2-29,C030,2026-05-18,QR決済,1170
QR-C030-2-00,C030,2026-05-19,QR決済,680
QR-C030-2-04,C030,2026-05-20,QR決済,420
QR-C030-2-25,C030,2026-05-20,QR決済,990
QR-C030-2-14,C030,2026-05-21,QR決済,310
QR-C030-2-26,C030,2026-05-21,QR決済,1040
QR-C030-2-01,C030,2026-05-22,QR決済,1070
QR-C030-2-11,C030,2026-05-23,QR決済,1110
QR-C030-2-21,C030,2026-05-23,QR決済,980
QR-C030-2-30,C030,2026-05-23,QR決済,740
QR-C030-2-20,C030,2026-05-24,QR決済,1200
QR-C030-2-18,C030,2026-05-25,QR決済,890
QR-C030-2-19,C030,2026-05-25,QR決済,1110
QR-C030-2-38,C030,2026-05-25,QR決済,1110
QR-C030-2-37,C030,2026-05-26,QR決済,1110
QR-C030-2-40,C030,2026-05-26,QR決済,962
QR-C030-2-05,C030,2026-05-27,QR決済,790
QR-C030-2-33,C030,2026-05-28,QR決済,400
QR-C030-2-35,C030,2026-05-30,QR決済,860
QR-C030-2-27,C030,2026-05-31,QR決済,630
QR-C030-2-10,C030,2026-06-01,QR決済,940
QR-C030-2-13,C030,2026-06-01,QR決済,910
QR-C030-2-02,C030,2026-06-02,QR決済,1160
QR-C030-2-15,C030,2026-06-02,QR決済,890
QR-C030-2-08,C030,2026-06-04,QR決済,530
QR-C030-2-17,C030,2026-06-04,QR決済,600
QR-C030-2-07,C030,2026-06-08,QR決済,1000
QR-C030-2-16,C030,2026-06-08,QR決済,1170
QR-C030-2-23,C030,2026-06-08,QR決済,520
QR-C030-2-24,C030,2026-06-09,QR決済,750
QR-C030-2-28,C030,2026-06-09,QR決済,1170
QR-C030-2-39,C030,2026-06-10,QR決済,1030
QR-C030-2-22,C030,2026-06-11,QR決済,930
QR-C030-2-36,C030,2026-06-11,QR決済,960
QR-C030-2-03,C030,2026-06-12,QR決済,330
QR-C030-2-06,C030,2026-06-13,QR決済,1180
QR-C030-2-09,C030,2026-06-14,QR決済,720
QR-C030-2-12,C030,2026-06-15,QR決済,780
QR-C030-2-34,C030,2026-06-15,QR決済,660
QR-C030-2-31,C030,2026-06-16,QR決済,910
QR-C030-2-32,C030,2026-06-16,QR決済,950
QR-C030-3-10,C030,2026-06-17,QR決済,910
QR-C030-3-33,C030,2026-06-18,QR決済,1070
QR-C030-3-08,C030,2026-06-20,QR決済,670
QR-C030-3-39,C030,2026-06-20,QR決済,1110
QR-C030-3-02,C030,2026-06-21,QR決済,1000
QR-C030-3-15,C030,2026-06-21,QR決済,1080
QR-C030-3-23,C030,2026-06-21,QR決済,620
QR-C030-3-26,C030,2026-06-21,QR決済,930
QR-C030-3-07,C030,2026-06-24,QR決済,1130
QR-C030-3-19,C030,2026-06-24,QR決済,1300
QR-C030-3-40,C030,2026-06-25,QR決済,1117
QR-C030-3-17,C030,2026-06-26,QR決済,990
QR-C030-3-25,C030,2026-06-26,QR決済,670
QR-C030-3-36,C030,2026-06-26,QR決済,520
QR-C030-3-14,C030,2026-06-27,QR決済,1240
QR-C030-3-35,C030,2026-06-27,QR決済,920
QR-C030-3-09,C030,2026-06-29,QR決済,560
QR-C030-3-13,C030,2026-07-01,QR決済,680
QR-C030-3-22,C030,2026-07-01,QR決済,590
QR-C030-3-20,C030,2026-07-02,QR決済,770
QR-C030-3-03,C030,2026-07-03,QR決済,1000
QR-C030-3-37,C030,2026-07-03,QR決済,720
QR-C030-3-11,C030,2026-07-04,QR決済,1260
QR-C030-3-06,C030,2026-07-05,QR決済,830
QR-C030-3-05,C030,2026-07-06,QR決済,970
QR-C030-3-24,C030,2026-07-06,QR決済,440
QR-C030-3-34,C030,2026-07-06,QR決済,640
QR-C030-3-04,C030,2026-07-08,QR決済,1260
QR-C030-3-21,C030,2026-07-08,QR決済,570
QR-C030-3-28,C030,2026-07-08,QR決済,1280
QR-C030-3-32,C030,2026-07-09,QR決済,710
QR-C030-3-38,C030,2026-07-09,QR決済,760
QR-C030-3-27,C030,2026-07-10,QR決済,520
QR-C030-3-01,C030,2026-07-12,QR決済,1290
QR-C030-3-30,C030,2026-07-12,QR決済,460
QR-C030-3-16,C030,2026-07-13,QR決済,1060
QR-C030-3-18,C030,2026-07-13,QR決済,1120
QR-C030-3-31,C030,2026-07-13,QR決済,650
QR-C030-3-12,C030,2026-07-14,QR決済,400
QR-C030-3-29,C030,2026-07-14,QR決済,910
QR-C030-3-00,C030,2026-07-16,QR決済,1000
QR-C031-0-00,C031,2026-03-20,QR決済,3340
QR-C031-0-04,C031,2026-03-24,QR決済,2080
QR-C031-0-09,C031,2026-03-28,QR決済,2920
QR-C031-0-08,C031,2026-03-31,QR決済,1670
QR-C031-0-06,C031,2026-04-03,QR決済,1780
QR-C031-0-11,C031,2026-04-09,QR決済,2680
QR-C031-0-07,C031,2026-04-11,QR決済,3300
QR-C031-0-03,C031,2026-04-12,QR決済,2920
QR-C031-0-10,C031,2026-04-14,QR決済,1370
QR-C031-0-02,C031,2026-04-15,QR決済,2040
QR-C031-0-05,C031,2026-04-15,QR決済,2600
QR-C031-0-13,C031,2026-04-15,QR決済,2592
QR-C031-0-01,C031,2026-04-17,QR決済,2610
QR-C031-0-12,C031,2026-04-17,QR決済,2870
QR-C031-1-10,C031,2026-04-19,QR決済,4220
QR-C031-1-02,C031,2026-04-21,QR決済,2440
QR-C031-1-03,C031,2026-04-22,QR決済,2540
QR-C031-1-04,C031,2026-04-28,QR決済,2710
QR-C031-1-01,C031,2026-04-30,QR決済,1190
QR-C031-1-00,C031,2026-05-05,QR決済,1660
QR-C031-1-07,C031,2026-05-06,QR決済,1360
QR-C031-1-05,C031,2026-05-12,QR決済,2290
QR-C031-1-06,C031,2026-05-13,QR決済,2440
QR-C031-1-09,C031,2026-05-13,QR決済,2070
QR-C031-1-08,C031,2026-05-15,QR決済,3560
QR-C031-1-11,C031,2026-05-15,QR決済,3483
QR-C031-2-01,C031,2026-05-18,QR決済,1870
QR-C031-2-06,C031,2026-05-21,QR決済,3610
QR-C031-2-02,C031,2026-05-29,QR決済,2900
QR-C031-2-05,C031,2026-06-05,QR決済,2390
QR-C031-2-00,C031,2026-06-07,QR決済,3720
QR-C031-2-07,C031,2026-06-08,QR決済,1590
QR-C031-2-03,C031,2026-06-10,QR決済,2670
QR-C031-2-08,C031,2026-06-12,QR決済,3340
QR-C031-2-04,C031,2026-06-14,QR決済,2270
QR-C031-2-09,C031,2026-06-14,QR決済,1552
QR-C031-3-05,C031,2026-06-21,QR決済,1280
QR-C031-3-02,C031,2026-06-27,QR決済,2270
QR-C031-3-08,C031,2026-06-29,QR決済,1158
QR-C031-3-04,C031,2026-06-30,QR決済,3760
QR-C031-3-00,C031,2026-07-03,QR決済,1440
QR-C031-3-03,C031,2026-07-05,QR決済,3510
QR-C031-3-01,C031,2026-07-07,QR決済,3830
QR-C031-3-06,C031,2026-07-07,QR決済,3910
QR-C031-3-07,C031,2026-07-10,QR決済,1530
QR-C032-0-24,C032,2026-03-19,QR決済,1520
QR-C032-0-14,C032,2026-03-21,QR決済,1810
QR-C032-0-00,C032,2026-03-22,QR決済,1080
QR-C032-0-12,C032,2026-03-22,QR決済,2160
QR-C032-0-11,C032,2026-03-23,QR決済,1490
QR-C032-0-03,C032,2026-03-24,QR決済,1190
QR-C032-0-20,C032,2026-03-24,QR決済,2330
CARD-C032-0-00,C032,2026-03-24,クレジットカード,2090
CARD-C032-0-04,C032,2026-03-24,クレジットカード,3120
QR-C032-0-09,C032,2026-03-28,QR決済,1880
QR-C032-0-13,C032,2026-03-29,QR決済,1340
CARD-C032-0-01,C032,2026-03-29,クレジットカード,1290
CARD-C032-0-05,C032,2026-03-30,クレジットカード,1880
QR-C032-0-04,C032,2026-03-31,QR決済,1740
QR-C032-0-21,C032,2026-03-31,QR決済,1050
QR-C032-0-25,C032,2026-03-31,QR決済,1949
CARD-C032-0-03,C032,2026-03-31,クレジットカード,1490
QR-C032-0-08,C032,2026-04-01,QR決済,2480
QR-C032-0-05,C032,2026-04-03,QR決済,950
QR-C032-0-19,C032,2026-04-05,QR決済,1830
CARD-C032-0-10,C032,2026-04-05,クレジットカード,3520
CARD-C032-0-11,C032,2026-04-05,クレジットカード,2600
QR-C032-0-02,C032,2026-04-06,QR決済,1370
QR-C032-0-10,C032,2026-04-06,QR決済,790
CARD-C032-0-12,C032,2026-04-07,クレジットカード,2760
QR-C032-0-06,C032,2026-04-08,QR決済,2020
CARD-C032-0-08,C032,2026-04-09,クレジットカード,2530
QR-C032-0-07,C032,2026-04-10,QR決済,2080
QR-C032-0-15,C032,2026-04-10,QR決済,1460
QR-C032-0-23,C032,2026-04-10,QR決済,2480
CARD-C032-0-07,C032,2026-04-11,クレジットカード,2420
CARD-C032-0-02,C032,2026-04-12,クレジットカード,3690
QR-C032-0-01,C032,2026-04-13,QR決済,850
QR-C032-0-18,C032,2026-04-13,QR決済,850
CARD-C032-0-06,C032,2026-04-13,クレジットカード,3390
CARD-C032-0-09,C032,2026-04-13,クレジットカード,3030
QR-C032-0-22,C032,2026-04-14,QR決済,1730
QR-C032-0-17,C032,2026-04-15,QR決済,840
CARD-C032-0-13,C032,2026-04-16,クレジットカード,3603
QR-C032-0-16,C032,2026-04-17,QR決済,650
QR-C032-1-12,C032,2026-04-18,QR決済,950
QR-C032-1-02,C032,2026-04-19,QR決済,2120
QR-C032-1-15,C032,2026-04-19,QR決済,1640
QR-C032-1-03,C032,2026-04-20,QR決済,1520
QR-C032-1-04,C032,2026-04-21,QR決済,1580
QR-C032-1-09,C032,2026-04-23,QR決済,2010
CARD-C032-1-08,C032,2026-04-23,クレジットカード,3950
QR-C032-1-13,C032,2026-04-25,QR決済,1730
CARD-C032-1-02,C032,2026-04-25,クレジットカード,1700
QR-C032-1-06,C032,2026-04-27,QR決済,1940
QR-C032-1-14,C032,2026-04-27,QR決済,950
QR-C032-1-19,C032,2026-04-27,QR決済,1000
QR-C032-1-07,C032,2026-04-29,QR決済,2080
CARD-C032-1-10,C032,2026-04-29,クレジットカード,3910
QR-C032-1-10,C032,2026-05-01,QR決済,2400
CARD-C032-1-05,C032,2026-05-01,クレジットカード,1810
CARD-C032-1-07,C032,2026-05-02,クレジットカード,2630
CARD-C032-1-09,C032,2026-05-02,クレジットカード,1430
QR-C032-1-05,C032,2026-05-04,QR決済,1700
QR-C032-1-16,C032,2026-05-04,QR決済,2100
QR-C032-1-08,C032,2026-05-05,QR決済,850
QR-C032-1-21,C032,2026-05-05,QR決済,1632
CARD-C032-1-04,C032,2026-05-07,クレジットカード,3130
QR-C032-1-11,C032,2026-05-09,QR決済,2280
QR-C032-1-20,C032,2026-05-09,QR決済,920
CARD-C032-1-03,C032,2026-05-09,クレジットカード,1270
CARD-C032-1-00,C032,2026-05-10,クレジットカード,4370
CARD-C032-1-06,C032,2026-05-10,クレジットカード,1700
QR-C032-1-01,C032,2026-05-12,QR決済,1610
CARD-C032-1-01,C032,2026-05-12,クレジットカード,2990
QR-C032-1-18,C032,2026-05-13,QR決済,860
CARD-C032-1-11,C032,2026-05-13,クレジットカード,4842
QR-C032-1-00,C032,2026-05-15,QR決済,1650
QR-C032-1-17,C032,2026-05-16,QR決済,840
CARD-C032-2-10,C032,2026-05-19,クレジットカード,3379
QR-C032-2-00,C032,2026-05-20,QR決済,1460
QR-C032-2-10,C032,2026-05-20,QR決済,1070
QR-C032-2-18,C032,2026-05-20,QR決済,860
CARD-C032-2-01,C032,2026-05-20,クレジットカード,1910
CARD-C032-2-03,C032,2026-05-20,クレジットカード,2630
CARD-C032-2-04,C032,2026-05-20,クレジットカード,3240
CARD-C032-2-07,C032,2026-05-20,クレジットカード,2980
QR-C032-2-15,C032,2026-05-22,QR決済,1750
QR-C032-2-07,C032,2026-05-23,QR決済,1020
CARD-C032-2-08,C032,2026-05-23,クレジットカード,1290
QR-C032-2-17,C032,2026-05-24,QR決済,1300
CARD-C032-2-06,C032,2026-05-25,クレジットカード,1730
QR-C032-2-02,C032,2026-05-26,QR決済,1930
QR-C032-2-03,C032,2026-05-26,QR決済,1600
QR-C032-2-11,C032,2026-05-26,QR決済,980
QR-C032-2-04,C032,2026-05-30,QR決済,2470
QR-C032-2-08,C032,2026-05-30,QR決済,810
QR-C032-2-13,C032,2026-05-31,QR決済,2180
QR-C032-2-09,C032,2026-06-01,QR決済,2160
QR-C032-2-01,C032,2026-06-04,QR決済,1700
QR-C032-2-16,C032,2026-06-04,QR決済,1030
CARD-C032-2-09,C032,2026-06-05,クレジットカード,1970
QR-C032-2-05,C032,2026-06-07,QR決済,1280
QR-C032-2-19,C032,2026-06-07,QR決済,1778
CARD-C032-2-02,C032,2026-06-07,クレジットカード,3960
QR-C032-2-12,C032,2026-06-08,QR決済,1190
QR-C032-2-14,C032,2026-06-09,QR決済,2420
CARD-C032-2-05,C032,2026-06-10,クレジットカード,3870
CARD-C032-2-00,C032,2026-06-14,クレジットカード,2470
QR-C032-2-06,C032,2026-06-15,QR決済,1630
QR-C032-3-14,C032,2026-06-17,QR決済,770
QR-C032-3-00,C032,2026-06-19,QR決済,2000
QR-C032-3-03,C032,2026-06-19,QR決済,990
QR-C032-3-15,C032,2026-06-20,QR決済,860
CARD-C032-3-07,C032,2026-06-20,クレジットカード,4080
QR-C032-3-09,C032,2026-06-21,QR決済,910
QR-C032-3-12,C032,2026-06-24,QR決済,670
QR-C032-3-17,C032,2026-06-24,QR決済,1664
QR-C032-3-08,C032,2026-06-25,QR決済,1410
QR-C032-3-13,C032,2026-06-25,QR決済,1760
QR-C032-3-01,C032,2026-06-27,QR決済,2490
QR-C032-3-06,C032,2026-06-27,QR決済,2170
QR-C032-3-04,C032,2026-06-28,QR決済,1320
QR-C032-3-16,C032,2026-06-29,QR決済,830
CARD-C032-3-08,C032,2026-06-29,クレジットカード,1519
CARD-C032-3-00,C032,2026-07-02,クレジットカード,1350
CARD-C032-3-01,C032,2026-07-03,クレジットカード,2000
CARD-C032-3-05,C032,2026-07-04,クレジットカード,4140
QR-C032-3-02,C032,2026-07-07,QR決済,1930
CARD-C032-3-02,C032,2026-07-08,クレジットカード,4070
CARD-C032-3-03,C032,2026-07-08,クレジットカード,3680
CARD-C032-3-06,C032,2026-07-09,クレジットカード,3260
QR-C032-3-07,C032,2026-07-11,QR決済,1760
QR-C032-3-11,C032,2026-07-12,QR決済,1440
QR-C032-3-10,C032,2026-07-14,QR決済,2490
CARD-C032-3-04,C032,2026-07-15,クレジットカード,1110
QR-C032-3-05,C032,2026-07-16,QR決済,1860
QR-C033-0-07,C033,2026-03-20,QR決済,2400
QR-C033-0-01,C033,2026-03-21,QR決済,940
QR-C033-0-13,C033,2026-03-22,QR決済,680
QR-C033-0-04,C033,2026-03-23,QR決済,1370
QR-C033-0-00,C033,2026-03-24,QR決済,630
QR-C033-0-11,C033,2026-03-24,QR決済,2310
QR-C033-0-17,C033,2026-03-26,QR決済,1980
QR-C033-0-14,C033,2026-03-29,QR決済,1410
QR-C033-0-02,C033,2026-03-30,QR決済,2100
QR-C033-0-06,C033,2026-03-30,QR決済,1220
QR-C033-0-12,C033,2026-03-30,QR決済,1840
QR-C033-0-10,C033,2026-03-31,QR決済,2400
QR-C033-0-08,C033,2026-04-01,QR決済,1790
QR-C033-0-09,C033,2026-04-03,QR決済,2260
QR-C033-0-05,C033,2026-04-04,QR決済,1570
QR-C033-0-16,C033,2026-04-09,QR決済,2280
QR-C033-0-03,C033,2026-04-14,QR決済,610
QR-C033-0-18,C033,2026-04-14,QR決済,2225
QR-C033-0-15,C033,2026-04-17,QR決済,910
QR-C033-1-02,C033,2026-04-18,QR決済,880
QR-C033-1-09,C033,2026-04-18,QR決済,1250
QR-C033-1-14,C033,2026-04-20,QR決済,1560
QR-C033-1-01,C033,2026-04-21,QR決済,2150
QR-C033-1-10,C033,2026-04-21,QR決済,2480
QR-C033-1-18,C033,2026-04-22,QR決済,1860
QR-C033-1-06,C033,2026-04-23,QR決済,2100
QR-C033-1-13,C033,2026-04-24,QR決済,720
QR-C033-1-00,C033,2026-04-29,QR決済,1710
QR-C033-1-03,C033,2026-04-29,QR決済,1240
QR-C033-1-08,C033,2026-04-29,QR決済,1080
QR-C033-1-07,C033,2026-04-30,QR決済,1770
QR-C033-1-11,C033,2026-05-01,QR決済,1910
QR-C033-1-19,C033,2026-05-01,QR決済,1298
QR-C033-1-12,C033,2026-05-03,QR決済,2270
QR-C033-1-15,C033,2026-05-04,QR決済,1860
QR-C033-1-16,C033,2026-05-04,QR決済,1610
QR-C033-1-05,C033,2026-05-11,QR決済,1070
QR-C033-1-04,C033,2026-05-16,QR決済,1230
QR-C033-1-17,C033,2026-05-16,QR決済,1350
QR-C033-2-05,C033,2026-05-19,QR決済,1670
QR-C033-2-12,C033,2026-05-21,QR決済,2680
QR-C033-2-20,C033,2026-05-22,QR決済,842
QR-C033-2-06,C033,2026-05-23,QR決済,1450
QR-C033-2-08,C033,2026-05-24,QR決済,1180
QR-C033-2-11,C033,2026-05-26,QR決済,1770
QR-C033-2-03,C033,2026-05-28,QR決済,2270
QR-C033-2-00,C033,2026-05-30,QR決済,1050
QR-C033-2-01,C033,2026-05-31,QR決済,1880
QR-C033-2-13,C033,2026-05-31,QR決済,1130
QR-C033-2-09,C033,2026-06-02,QR決済,2620
QR-C033-2-14,C033,2026-06-02,QR決済,1570
QR-C033-2-16,C033,2026-06-02,QR決済,1590
QR-C033-2-15,C033,2026-06-04,QR決済,1760
QR-C033-2-07,C033,2026-06-08,QR決済,1740
QR-C033-2-10,C033,2026-06-08,QR決済,1010
QR-C033-2-18,C033,2026-06-08,QR決済,1220
QR-C033-2-19,C033,2026-06-09,QR決済,1200
QR-C033-2-02,C033,2026-06-10,QR決済,1120
QR-C033-2-17,C033,2026-06-12,QR決済,2760
QR-C033-2-04,C033,2026-06-15,QR決済,1280
QR-C033-3-11,C033,2026-06-20,QR決済,1590
QR-C033-3-04,C033,2026-06-21,QR決済,2400
QR-C033-3-07,C033,2026-06-22,QR決済,850
QR-C033-3-19,C033,2026-06-23,QR決済,1190
QR-C033-3-02,C033,2026-06-24,QR決済,2320
QR-C033-3-08,C033,2026-06-24,QR決済,840
QR-C033-3-15,C033,2026-06-24,QR決済,1290
QR-C033-3-09,C033,2026-06-25,QR決済,680
QR-C033-3-13,C033,2026-06-25,QR決済,1090
QR-C033-3-01,C033,2026-06-30,QR決済,2100
QR-C033-3-18,C033,2026-06-30,QR決済,1470
QR-C033-3-20,C033,2026-07-02,QR決済,1561
QR-C033-3-06,C033,2026-07-03,QR決済,1380
QR-C033-3-03,C033,2026-07-06,QR決済,1600
QR-C033-3-16,C033,2026-07-08,QR決済,2510
QR-C033-3-14,C033,2026-07-09,QR決済,1940
QR-C033-3-05,C033,2026-07-10,QR決済,2250
QR-C033-3-00,C033,2026-07-11,QR決済,1260
QR-C033-3-10,C033,2026-07-11,QR決済,940
QR-C033-3-17,C033,2026-07-13,QR決済,2050
QR-C033-3-12,C033,2026-07-14,QR決済,2110
QR-C034-0-07,C034,2026-03-19,QR決済,1150
QR-C034-0-04,C034,2026-03-20,QR決済,610
QR-C034-0-06,C034,2026-03-20,QR決済,1090
QR-C034-0-08,C034,2026-03-20,QR決済,670
QR-C034-0-18,C034,2026-03-22,QR決済,760
QR-C034-0-26,C034,2026-03-22,QR決済,710
QR-C034-0-27,C034,2026-03-22,QR決済,730
CARD-C034-0-05,C034,2026-03-22,クレジットカード,4870
QR-C034-0-05,C034,2026-03-24,QR決済,1570
QR-C034-0-20,C034,2026-03-24,QR決済,670
QR-C034-0-12,C034,2026-03-25,QR決済,1490
QR-C034-0-01,C034,2026-03-26,QR決済,1350
QR-C034-0-15,C034,2026-03-27,QR決済,500
QR-C034-0-21,C034,2026-03-27,QR決済,790
QR-C034-0-13,C034,2026-03-28,QR決済,900
QR-C034-0-25,C034,2026-03-28,QR決済,750
QR-C034-0-02,C034,2026-03-29,QR決済,1220
QR-C034-0-11,C034,2026-03-29,QR決済,1570
QR-C034-0-24,C034,2026-03-29,QR決済,1160
QR-C034-0-23,C034,2026-03-30,QR決済,1000
QR-C034-0-00,C034,2026-04-01,QR決済,1230
QR-C034-0-19,C034,2026-04-01,QR決済,1140
QR-C034-0-14,C034,2026-04-03,QR決済,1120
QR-C034-0-22,C034,2026-04-03,QR決済,960
CARD-C034-0-04,C034,2026-04-06,クレジットカード,5060
QR-C034-0-17,C034,2026-04-07,QR決済,880
QR-C034-0-09,C034,2026-04-09,QR決済,550
QR-C034-0-28,C034,2026-04-09,QR決済,832
CARD-C034-0-00,C034,2026-04-09,クレジットカード,7920
QR-C034-0-10,C034,2026-04-11,QR決済,440
CARD-C034-0-06,C034,2026-04-11,クレジットカード,2875
CARD-C034-0-02,C034,2026-04-12,クレジットカード,5690
CARD-C034-0-03,C034,2026-04-12,クレジットカード,8780
CARD-C034-0-01,C034,2026-04-15,クレジットカード,2840
QR-C034-0-03,C034,2026-04-16,QR決済,990
QR-C034-0-16,C034,2026-04-17,QR決済,450
QR-C034-1-07,C034,2026-04-19,QR決済,980
QR-C034-1-06,C034,2026-04-22,QR決済,1270
QR-C034-1-08,C034,2026-04-22,QR決済,800
QR-C034-1-03,C034,2026-04-24,QR決済,760
QR-C034-1-09,C034,2026-04-24,QR決済,1120
CARD-C034-1-05,C034,2026-04-24,クレジットカード,4856
CARD-C034-1-02,C034,2026-04-25,クレジットカード,5430
QR-C034-1-13,C034,2026-04-26,QR決済,530
CARD-C034-1-04,C034,2026-04-26,クレジットカード,5320
CARD-C034-1-03,C034,2026-04-28,クレジットカード,6620
QR-C034-1-21,C034,2026-04-29,QR決済,1440
QR-C034-1-23,C034,2026-04-29,QR決済,1000
QR-C034-1-10,C034,2026-05-01,QR決済,620
QR-C034-1-24,C034,2026-05-02,QR決済,768
CARD-C034-1-01,C034,2026-05-02,クレジットカード,3930
QR-C034-1-01,C034,2026-05-03,QR決済,1010
QR-C034-1-04,C034,2026-05-05,QR決済,1230
QR-C034-1-11,C034,2026-05-05,QR決済,820
QR-C034-1-20,C034,2026-05-05,QR決済,1180
QR-C034-1-12,C034,2026-05-10,QR決済,1390
QR-C034-1-00,C034,2026-05-11,QR決済,400
QR-C034-1-05,C034,2026-05-11,QR決済,790
QR-C034-1-02,C034,2026-05-12,QR決済,1360
QR-C034-1-16,C034,2026-05-12,QR決済,1050
CARD-C034-1-00,C034,2026-05-14,クレジットカード,5930
QR-C034-1-17,C034,2026-05-15,QR決済,1420
QR-C034-1-18,C034,2026-05-15,QR決済,1130
QR-C034-1-14,C034,2026-05-16,QR決済,1230
QR-C034-1-15,C034,2026-05-16,QR決済,520
QR-C034-1-22,C034,2026-05-16,QR決済,470
QR-C034-1-19,C034,2026-05-17,QR決済,600
QR-C034-2-08,C034,2026-05-18,QR決済,680
QR-C034-2-14,C034,2026-05-18,QR決済,590
CARD-C034-2-04,C034,2026-05-20,クレジットカード,3120
CARD-C034-2-01,C034,2026-05-22,クレジットカード,6300
QR-C034-2-07,C034,2026-05-23,QR決済,560
QR-C034-2-09,C034,2026-05-23,QR決済,1460
QR-C034-2-06,C034,2026-05-24,QR決済,1260
QR-C034-2-11,C034,2026-05-24,QR決済,1450
QR-C034-2-05,C034,2026-05-26,QR決済,1440
CARD-C034-2-00,C034,2026-05-29,クレジットカード,5050
QR-C034-2-02,C034,2026-05-30,QR決済,860
QR-C034-2-03,C034,2026-05-30,QR決済,920
QR-C034-2-19,C034,2026-06-01,QR決済,460
CARD-C034-2-03,C034,2026-06-02,クレジットカード,2700
CARD-C034-2-05,C034,2026-06-02,クレジットカード,5845
QR-C034-2-18,C034,2026-06-03,QR決済,950
QR-C034-2-20,C034,2026-06-03,QR決済,860
QR-C034-2-00,C034,2026-06-04,QR決済,1080
QR-C034-2-10,C034,2026-06-05,QR決済,700
QR-C034-2-12,C034,2026-06-05,QR決済,440
QR-C034-2-04,C034,2026-06-06,QR決済,960
QR-C034-2-13,C034,2026-06-09,QR決済,1460
QR-C034-2-21,C034,2026-06-09,QR決済,942
QR-C034-2-01,C034,2026-06-11,QR決済,510
QR-C034-2-17,C034,2026-06-12,QR決済,970
QR-C034-2-15,C034,2026-06-15,QR決済,1290
CARD-C034-2-02,C034,2026-06-15,クレジットカード,5990
QR-C034-2-16,C034,2026-06-16,QR決済,930
CARD-C034-3-04,C034,2026-06-17,クレジットカード,5970
QR-C034-3-18,C034,2026-06-18,QR決済,525
QR-C034-3-06,C034,2026-06-19,QR決済,660
QR-C034-3-12,C034,2026-06-21,QR決済,550
CARD-C034-3-01,C034,2026-06-22,クレジットカード,3750
QR-C034-3-10,C034,2026-06-25,QR決済,1510
QR-C034-3-16,C034,2026-06-26,QR決済,1570
CARD-C034-3-03,C034,2026-06-26,クレジットカード,3780
QR-C034-3-05,C034,2026-06-27,QR決済,540
QR-C034-3-17,C034,2026-06-27,QR決済,640
QR-C034-3-01,C034,2026-06-28,QR決済,700
QR-C034-3-04,C034,2026-06-28,QR決済,710
QR-C034-3-13,C034,2026-06-30,QR決済,1430
QR-C034-3-09,C034,2026-07-04,QR決済,1150
QR-C034-3-03,C034,2026-07-06,QR決済,750
QR-C034-3-15,C034,2026-07-06,QR決済,1560
QR-C034-3-00,C034,2026-07-07,QR決済,1250
QR-C034-3-02,C034,2026-07-07,QR決済,1410
CARD-C034-3-02,C034,2026-07-07,クレジットカード,8660
QR-C034-3-07,C034,2026-07-09,QR決済,1030
QR-C034-3-11,C034,2026-07-10,QR決済,720
CARD-C034-3-00,C034,2026-07-10,クレジットカード,3730
QR-C034-3-08,C034,2026-07-15,QR決済,740
QR-C034-3-14,C034,2026-07-15,QR決済,460
QR-C035-0-14,C035,2026-03-19,QR決済,660
QR-C035-0-26,C035,2026-03-19,QR決済,520
QR-C035-0-29,C035,2026-03-19,QR決済,1740
QR-C035-0-07,C035,2026-03-20,QR決済,1190
QR-C035-0-16,C035,2026-03-20,QR決済,670
QR-C035-0-13,C035,2026-03-22,QR決済,520
QR-C035-0-17,C035,2026-03-22,QR決済,530
QR-C035-0-20,C035,2026-03-22,QR決済,710
CARD-C035-0-07,C035,2026-03-22,クレジットカード,2670
CARD-C035-0-13,C035,2026-03-22,クレジットカード,2060
QR-C035-0-05,C035,2026-03-23,QR決済,720
QR-C035-0-25,C035,2026-03-23,QR決済,1710
QR-C035-0-33,C035,2026-03-23,QR決済,1660
CARD-C035-0-04,C035,2026-03-23,クレジットカード,1800
QR-C035-0-01,C035,2026-03-24,QR決済,1850
QR-C035-0-06,C035,2026-03-26,QR決済,1150
QR-C035-0-28,C035,2026-03-26,QR決済,1330
QR-C035-0-30,C035,2026-03-26,QR決済,1800
QR-C035-0-10,C035,2026-03-27,QR決済,1600
QR-C035-0-02,C035,2026-03-28,QR決済,1740
QR-C035-0-19,C035,2026-03-28,QR決済,1920
QR-C035-0-03,C035,2026-03-29,QR決済,1550
CARD-C035-0-08,C035,2026-03-29,クレジットカード,3350
QR-C035-0-34,C035,2026-03-30,QR決済,1862
CARD-C035-0-03,C035,2026-03-30,クレジットカード,1090
QR-C035-0-32,C035,2026-03-31,QR決済,720
CARD-C035-0-01,C035,2026-03-31,クレジットカード,2640
QR-C035-0-24,C035,2026-04-01,QR決済,1410
QR-C035-0-31,C035,2026-04-01,QR決済,630
CARD-C035-0-09,C035,2026-04-01,クレジットカード,1130
QR-C035-0-04,C035,2026-04-03,QR決済,790
QR-C035-0-21,C035,2026-04-04,QR決済,1670
CARD-C035-0-12,C035,2026-04-04,クレジットカード,1020
CARD-C035-0-14,C035,2026-04-04,クレジットカード,1840
QR-C035-0-08,C035,2026-04-05,QR決済,1480
QR-C035-0-12,C035,2026-04-05,QR決済,1640
QR-C035-0-18,C035,2026-04-05,QR決済,1760
QR-C035-0-11,C035,2026-04-08,QR決済,710
CARD-C035-0-06,C035,2026-04-09,クレジットカード,2680
QR-C035-0-09,C035,2026-04-10,QR決済,1110
CARD-C035-0-05,C035,2026-04-10,クレジットカード,3910
CARD-C035-0-02,C035,2026-04-11,クレジットカード,2900
CARD-C035-0-11,C035,2026-04-11,クレジットカード,3810
CARD-C035-0-00,C035,2026-04-12,クレジットカード,1920
CARD-C035-0-16,C035,2026-04-12,クレジットカード,1546
CARD-C035-0-15,C035,2026-04-13,クレジットカード,2180
QR-C035-0-00,C035,2026-04-14,QR決済,970
QR-C035-0-15,C035,2026-04-14,QR決済,1090
QR-C035-0-23,C035,2026-04-14,QR決済,1930
QR-C035-0-22,C035,2026-04-16,QR決済,910
CARD-C035-0-10,C035,2026-04-16,クレジットカード,1930
QR-C035-0-27,C035,2026-04-17,QR決済,1700
QR-C035-1-14,C035,2026-04-20,QR決済,1850
QR-C035-1-21,C035,2026-04-20,QR決済,1490
QR-C035-1-15,C035,2026-04-21,QR決済,1850
QR-C035-1-01,C035,2026-04-22,QR決済,820
QR-C035-1-04,C035,2026-04-22,QR決済,1790
QR-C035-1-06,C035,2026-04-22,QR決済,660
QR-C035-1-20,C035,2026-04-22,QR決済,1370
QR-C035-1-23,C035,2026-04-22,QR決済,1470
CARD-C035-1-11,C035,2026-04-22,クレジットカード,3300
QR-C035-1-24,C035,2026-04-23,QR決済,940
QR-C035-1-19,C035,2026-04-26,QR決済,1270
CARD-C035-1-13,C035,2026-04-27,クレジットカード,2680
QR-C035-1-05,C035,2026-04-28,QR決済,1700
QR-C035-1-22,C035,2026-04-28,QR決済,710
QR-C035-1-28,C035,2026-04-28,QR決済,1840
CARD-C035-1-08,C035,2026-04-28,クレジットカード,3300
CARD-C035-1-12,C035,2026-04-28,クレジットカード,3090
QR-C035-1-27,C035,2026-04-29,QR決済,640
CARD-C035-1-14,C035,2026-04-29,クレジットカード,2990
QR-C035-1-07,C035,2026-04-30,QR決済,740
QR-C035-1-26,C035,2026-04-30,QR決済,1000
QR-C035-1-17,C035,2026-05-01,QR決済,1380
QR-C035-1-30,C035,2026-05-01,QR決済,1870
QR-C035-1-33,C035,2026-05-01,QR決済,600
QR-C035-1-08,C035,2026-05-02,QR決済,650
CARD-C035-1-09,C035,2026-05-02,クレジットカード,1160
QR-C035-1-12,C035,2026-05-03,QR決済,1400
QR-C035-1-29,C035,2026-05-03,QR決済,1470
QR-C035-1-31,C035,2026-05-03,QR決済,1690
CARD-C035-1-00,C035,2026-05-04,クレジットカード,1310
CARD-C035-1-01,C035,2026-05-04,クレジットカード,2500
CARD-C035-1-05,C035,2026-05-04,クレジットカード,1690
QR-C035-1-16,C035,2026-05-06,QR決済,1810
QR-C035-1-34,C035,2026-05-07,QR決済,487
CARD-C035-1-03,C035,2026-05-07,クレジットカード,2490
CARD-C035-1-15,C035,2026-05-07,クレジットカード,1357
QR-C035-1-03,C035,2026-05-08,QR決済,1060
CARD-C035-1-04,C035,2026-05-08,クレジットカード,3210
QR-C035-1-32,C035,2026-05-10,QR決済,1540
QR-C035-1-09,C035,2026-05-11,QR決済,640
QR-C035-1-18,C035,2026-05-11,QR決済,750
CARD-C035-1-02,C035,2026-05-11,クレジットカード,1940
QR-C035-1-02,C035,2026-05-12,QR決済,1790
QR-C035-1-25,C035,2026-05-12,QR決済,1700
CARD-C035-1-07,C035,2026-05-12,クレジットカード,2160
QR-C035-1-10,C035,2026-05-13,QR決済,1900
QR-C035-1-11,C035,2026-05-13,QR決済,1020
CARD-C035-1-10,C035,2026-05-13,クレジットカード,2850
QR-C035-1-13,C035,2026-05-14,QR決済,670
QR-C035-1-00,C035,2026-05-17,QR決済,1460
CARD-C035-1-06,C035,2026-05-17,クレジットカード,1310
QR-C035-2-07,C035,2026-05-18,QR決済,1240
QR-C035-2-22,C035,2026-05-18,QR決済,1840
QR-C035-2-29,C035,2026-05-18,QR決済,900
QR-C035-2-11,C035,2026-05-19,QR決済,1300
QR-C035-2-16,C035,2026-05-20,QR決済,1480
QR-C035-2-26,C035,2026-05-20,QR決済,1690
QR-C035-2-28,C035,2026-05-20,QR決済,1640
CARD-C035-2-00,C035,2026-05-20,クレジットカード,3010
CARD-C035-2-09,C035,2026-05-20,クレジットカード,2430
CARD-C035-2-14,C035,2026-05-20,クレジットカード,2230
CARD-C035-2-15,C035,2026-05-20,クレジットカード,3300
QR-C035-2-01,C035,2026-05-21,QR決済,950
QR-C035-2-13,C035,2026-05-21,QR決済,1300
CARD-C035-2-02,C035,2026-05-21,クレジットカード,3100
QR-C035-2-00,C035,2026-05-22,QR決済,1610
QR-C035-2-04,C035,2026-05-22,QR決済,830
QR-C035-2-23,C035,2026-05-22,QR決済,1790
QR-C035-2-25,C035,2026-05-22,QR決済,970
QR-C035-2-34,C035,2026-05-22,QR決済,820
QR-C035-2-21,C035,2026-05-23,QR決済,1270
QR-C035-2-36,C035,2026-05-23,QR決済,558
CARD-C035-2-05,C035,2026-05-23,クレジットカード,1370
CARD-C035-2-08,C035,2026-05-23,クレジットカード,1230
CARD-C035-2-16,C035,2026-05-23,クレジットカード,2832
QR-C035-2-27,C035,2026-05-25,QR決済,1710
CARD-C035-2-10,C035,2026-05-26,クレジットカード,2100
CARD-C035-2-07,C035,2026-05-27,クレジットカード,1030
CARD-C035-2-04,C035,2026-05-28,クレジットカード,1830
QR-C035-2-10,C035,2026-05-29,QR決済,1020
QR-C035-2-24,C035,2026-05-29,QR決済,560
CARD-C035-2-12,C035,2026-05-29,クレジットカード,1210
CARD-C035-2-13,C035,2026-05-29,クレジットカード,3050
QR-C035-2-05,C035,2026-05-30,QR決済,1070
QR-C035-2-09,C035,2026-05-31,QR決済,1650
QR-C035-2-33,C035,2026-05-31,QR決済,1780
CARD-C035-2-03,C035,2026-06-01,クレジットカード,2810
QR-C035-2-17,C035,2026-06-02,QR決済,810
CARD-C035-2-01,C035,2026-06-02,クレジットカード,1940
QR-C035-2-15,C035,2026-06-05,QR決済,1540
QR-C035-2-30,C035,2026-06-05,QR決済,680
CARD-C035-2-11,C035,2026-06-05,クレジットカード,2880
QR-C035-2-19,C035,2026-06-06,QR決済,1890
QR-C035-2-14,C035,2026-06-08,QR決済,1460
QR-C035-2-02,C035,2026-06-09,QR決済,1620
QR-C035-2-03,C035,2026-06-09,QR決済,1410
QR-C035-2-08,C035,2026-06-09,QR決済,1230
QR-C035-2-12,C035,2026-06-09,QR決済,1080
QR-C035-2-06,C035,2026-06-10,QR決済,1180
QR-C035-2-35,C035,2026-06-11,QR決済,1660
QR-C035-2-18,C035,2026-06-13,QR決済,480
QR-C035-2-31,C035,2026-06-13,QR決済,1690
QR-C035-2-32,C035,2026-06-13,QR決済,1860
QR-C035-2-20,C035,2026-06-14,QR決済,500
CARD-C035-2-06,C035,2026-06-16,クレジットカード,2390
QR-C035-3-25,C035,2026-06-17,QR決済,960
QR-C035-3-34,C035,2026-06-17,QR決済,2080
QR-C035-3-10,C035,2026-06-18,QR決済,620
CARD-C035-3-11,C035,2026-06-18,クレジットカード,1450
CARD-C035-3-14,C035,2026-06-18,クレジットカード,2360
QR-C035-3-19,C035,2026-06-19,QR決済,1660
QR-C035-3-31,C035,2026-06-19,QR決済,620
CARD-C035-3-02,C035,2026-06-19,クレジットカード,3080
QR-C035-3-17,C035,2026-06-20,QR決済,2030
QR-C035-3-18,C035,2026-06-20,QR決済,1250
QR-C035-3-30,C035,2026-06-20,QR決済,1160
QR-C035-3-09,C035,2026-06-22,QR決済,710
QR-C035-3-28,C035,2026-06-22,QR決済,2040
QR-C035-3-15,C035,2026-06-23,QR決済,1160
QR-C035-3-32,C035,2026-06-23,QR決済,1150
QR-C035-3-26,C035,2026-06-24,QR決済,680
CARD-C035-3-17,C035,2026-06-24,クレジットカード,2231
QR-C035-3-16,C035,2026-06-25,QR決済,1200
CARD-C035-3-07,C035,2026-06-25,クレジットカード,2970
QR-C035-3-27,C035,2026-06-26,QR決済,1130
QR-C035-3-03,C035,2026-06-27,QR決済,2040
QR-C035-3-24,C035,2026-06-27,QR決済,2010
CARD-C035-3-00,C035,2026-06-27,クレジットカード,2430
QR-C035-3-12,C035,2026-06-28,QR決済,1490
QR-C035-3-20,C035,2026-06-28,QR決済,940
CARD-C035-3-01,C035,2026-06-28,クレジットカード,1850
QR-C035-3-06,C035,2026-06-29,QR決済,1230
QR-C035-3-08,C035,2026-06-29,QR決済,550
QR-C035-3-14,C035,2026-06-30,QR決済,780
CARD-C035-3-04,C035,2026-06-30,クレジットカード,2560
QR-C035-3-01,C035,2026-07-01,QR決済,750
CARD-C035-3-06,C035,2026-07-01,クレジットカード,2930
QR-C035-3-02,C035,2026-07-02,QR決済,1370
CARD-C035-3-05,C035,2026-07-03,クレジットカード,1810
QR-C035-3-29,C035,2026-07-04,QR決済,1710
QR-C035-3-21,C035,2026-07-06,QR決済,1440
QR-C035-3-33,C035,2026-07-06,QR決済,1830
CARD-C035-3-12,C035,2026-07-06,クレジットカード,1730
QR-C035-3-04,C035,2026-07-07,QR決済,1280
QR-C035-3-05,C035,2026-07-07,QR決済,1680
QR-C035-3-13,C035,2026-07-07,QR決済,800
CARD-C035-3-13,C035,2026-07-07,クレジットカード,2220
CARD-C035-3-03,C035,2026-07-08,クレジットカード,3060
CARD-C035-3-10,C035,2026-07-08,クレジットカード,1620
QR-C035-3-00,C035,2026-07-09,QR決済,1270
CARD-C035-3-15,C035,2026-07-10,クレジットカード,1800
QR-C035-3-22,C035,2026-07-11,QR決済,1010
QR-C035-3-35,C035,2026-07-11,QR決済,1490
QR-C035-3-11,C035,2026-07-12,QR決済,1550
CARD-C035-3-16,C035,2026-07-12,クレジットカード,1970
QR-C035-3-07,C035,2026-07-13,QR決済,1550
QR-C035-3-23,C035,2026-07-14,QR決済,890
CARD-C035-3-08,C035,2026-07-15,クレジットカード,3040
CARD-C035-3-09,C035,2026-07-15,クレジットカード,1920
QR-C035-3-36,C035,2026-07-16,QR決済,655
QR-C036-0-01,C036,2026-03-21,QR決済,2760
QR-C036-0-13,C036,2026-03-21,QR決済,3546
QR-C036-0-00,C036,2026-03-22,QR決済,3190
QR-C036-0-04,C036,2026-03-22,QR決済,2190
QR-C036-0-02,C036,2026-03-24,QR決済,1510
CARD-C036-0-03,C036,2026-03-24,クレジットカード,1970
QR-C036-0-10,C036,2026-03-25,QR決済,2110
QR-C036-0-12,C036,2026-03-29,QR決済,2680
CARD-C036-0-06,C036,2026-03-30,クレジットカード,2900
QR-C036-0-07,C036,2026-03-31,QR決済,1720
QR-C036-0-11,C036,2026-03-31,QR決済,2470
CARD-C036-0-10,C036,2026-03-31,クレジットカード,4860
QR-C036-0-09,C036,2026-04-01,QR決済,3090
CARD-C036-0-05,C036,2026-04-01,クレジットカード,4680
CARD-C036-0-00,C036,2026-04-05,クレジットカード,2870
CARD-C036-0-09,C036,2026-04-06,クレジットカード,2030
CARD-C036-0-01,C036,2026-04-10,クレジットカード,2090
CARD-C036-0-04,C036,2026-04-10,クレジットカード,1470
CARD-C036-0-08,C036,2026-04-10,クレジットカード,2400
QR-C036-0-03,C036,2026-04-11,QR決済,1350
QR-C036-0-08,C036,2026-04-12,QR決済,3730
CARD-C036-0-02,C036,2026-04-13,クレジットカード,4670
CARD-C036-0-11,C036,2026-04-14,クレジットカード,3100
QR-C036-0-05,C036,2026-04-17,QR決済,2790
QR-C036-0-06,C036,2026-04-17,QR決済,3660
CARD-C036-0-07,C036,2026-04-17,クレジットカード,4940
CARD-C036-1-05,C036,2026-04-18,クレジットカード,3450
QR-C036-1-00,C036,2026-04-19,QR決済,2130
QR-C036-1-04,C036,2026-04-19,QR決済,2650
CARD-C036-1-06,C036,2026-04-22,クレジットカード,2390
CARD-C036-1-04,C036,2026-04-28,クレジットカード,3640
QR-C036-1-07,C036,2026-04-29,QR決済,1600
QR-C036-1-03,C036,2026-04-30,QR決済,3390
QR-C036-1-09,C036,2026-05-01,QR決済,3190
CARD-C036-1-08,C036,2026-05-02,クレジットカード,4625
QR-C036-1-10,C036,2026-05-03,QR決済,2132
QR-C036-1-01,C036,2026-05-07,QR決済,4350
CARD-C036-1-00,C036,2026-05-11,クレジットカード,1250
CARD-C036-1-02,C036,2026-05-11,クレジットカード,3380
CARD-C036-1-03,C036,2026-05-11,クレジットカード,1490
QR-C036-1-02,C036,2026-05-12,QR決済,2680
QR-C036-1-06,C036,2026-05-13,QR決済,1220
QR-C036-1-08,C036,2026-05-13,QR決済,2630
CARD-C036-1-01,C036,2026-05-14,クレジットカード,4060
CARD-C036-1-07,C036,2026-05-16,クレジットカード,4800
QR-C036-1-05,C036,2026-05-17,QR決済,2000
QR-C036-2-02,C036,2026-05-20,QR決済,1570
CARD-C036-2-03,C036,2026-05-22,クレジットカード,3880
QR-C036-2-00,C036,2026-05-26,QR決済,2420
QR-C036-2-03,C036,2026-05-27,QR決済,4820
QR-C036-2-01,C036,2026-05-30,QR決済,2410
QR-C036-2-06,C036,2026-06-01,QR決済,2250
CARD-C036-2-00,C036,2026-06-01,クレジットカード,4370
CARD-C036-2-05,C036,2026-06-01,クレジットカード,2050
CARD-C036-2-04,C036,2026-06-07,クレジットカード,3470
CARD-C036-2-06,C036,2026-06-07,クレジットカード,3634
QR-C036-2-05,C036,2026-06-09,QR決済,2590
CARD-C036-2-01,C036,2026-06-13,クレジットカード,2870
QR-C036-2-04,C036,2026-06-14,QR決済,3340
QR-C036-2-07,C036,2026-06-14,QR決済,2096
CARD-C036-2-02,C036,2026-06-14,クレジットカード,2240
CARD-C036-3-02,C036,2026-06-22,クレジットカード,2000
CARD-C036-3-04,C036,2026-06-29,クレジットカード,2737
CARD-C036-3-00,C036,2026-07-04,クレジットカード,4720
CARD-C036-3-03,C036,2026-07-06,クレジットカード,4760
CARD-C036-3-01,C036,2026-07-11,クレジットカード,1560
QR-C037-0-10,C037,2026-03-19,QR決済,540
QR-C037-0-27,C037,2026-03-20,QR決済,1210
QR-C037-0-04,C037,2026-03-21,QR決済,1530
QR-C037-0-08,C037,2026-03-21,QR決済,760
QR-C037-0-03,C037,2026-03-22,QR決済,1200
QR-C037-0-07,C037,2026-03-22,QR決済,760
QR-C037-0-14,C037,2026-03-22,QR決済,810
QR-C037-0-21,C037,2026-03-22,QR決済,840
QR-C037-0-29,C037,2026-03-28,QR決済,1247
QR-C037-0-13,C037,2026-04-01,QR決済,890
QR-C037-0-23,C037,2026-04-02,QR決済,590
QR-C037-0-15,C037,2026-04-03,QR決済,1380
QR-C037-0-24,C037,2026-04-04,QR決済,910
QR-C037-0-20,C037,2026-04-05,QR決済,940
QR-C037-0-25,C037,2026-04-06,QR決済,740
QR-C037-0-11,C037,2026-04-07,QR決済,990
QR-C037-0-18,C037,2026-04-07,QR決済,800
QR-C037-0-09,C037,2026-04-08,QR決済,1370
QR-C037-0-22,C037,2026-04-08,QR決済,1050
QR-C037-0-28,C037,2026-04-09,QR決済,1150
QR-C037-0-16,C037,2026-04-11,QR決済,900
QR-C037-0-17,C037,2026-04-12,QR決済,1550
QR-C037-0-05,C037,2026-04-13,QR決済,840
QR-C037-0-26,C037,2026-04-13,QR決済,1180
QR-C037-0-06,C037,2026-04-14,QR決済,830
QR-C037-0-02,C037,2026-04-15,QR決済,620
QR-C037-0-01,C037,2026-04-16,QR決済,650
QR-C037-0-00,C037,2026-04-17,QR決済,650
QR-C037-0-12,C037,2026-04-17,QR決済,1580
QR-C037-0-19,C037,2026-04-17,QR決済,1500
QR-C037-1-10,C037,2026-04-19,QR決済,1390
QR-C037-1-27,C037,2026-04-21,QR決済,1250
QR-C037-1-32,C037,2026-04-21,QR決済,547
QR-C037-1-15,C037,2026-04-22,QR決済,1250
QR-C037-1-30,C037,2026-04-22,QR決済,1200
QR-C037-1-19,C037,2026-04-23,QR決済,720
QR-C037-1-24,C037,2026-04-23,QR決済,1390
QR-C037-1-05,C037,2026-04-24,QR決済,1330
QR-C037-1-02,C037,2026-04-25,QR決済,1240
QR-C037-1-26,C037,2026-04-25,QR決済,400
QR-C037-1-22,C037,2026-04-28,QR決済,1120
QR-C037-1-04,C037,2026-04-30,QR決済,500
QR-C037-1-08,C037,2026-04-30,QR決済,1260
QR-C037-1-17,C037,2026-04-30,QR決済,670
QR-C037-1-20,C037,2026-04-30,QR決済,1380
QR-C037-1-01,C037,2026-05-01,QR決済,610
QR-C037-1-14,C037,2026-05-01,QR決済,1420
QR-C037-1-25,C037,2026-05-01,QR決済,410
QR-C037-1-23,C037,2026-05-04,QR決済,380
QR-C037-1-31,C037,2026-05-04,QR決済,730
QR-C037-1-03,C037,2026-05-05,QR決済,990
QR-C037-1-00,C037,2026-05-06,QR決済,1320
QR-C037-1-13,C037,2026-05-06,QR決済,810
QR-C037-1-06,C037,2026-05-07,QR決済,1430
QR-C037-1-07,C037,2026-05-08,QR決済,760
QR-C037-1-16,C037,2026-05-08,QR決済,940
QR-C037-1-28,C037,2026-05-10,QR決済,1310
QR-C037-1-18,C037,2026-05-11,QR決済,1110
QR-C037-1-11,C037,2026-05-13,QR決済,1090
QR-C037-1-29,C037,2026-05-13,QR決済,950
QR-C037-1-09,C037,2026-05-14,QR決済,890
QR-C037-1-21,C037,2026-05-16,QR決済,1390
QR-C037-1-12,C037,2026-05-17,QR決済,1250
QR-C037-2-22,C037,2026-05-18,QR決済,660
QR-C037-2-10,C037,2026-05-20,QR決済,1110
QR-C037-2-11,C037,2026-05-20,QR決済,1070
QR-C037-2-24,C037,2026-05-20,QR決済,730
QR-C037-2-27,C037,2026-05-20,QR決済,1280
QR-C037-2-03,C037,2026-05-21,QR決済,1110
QR-C037-2-04,C037,2026-05-21,QR決済,680
QR-C037-2-19,C037,2026-05-21,QR決済,910
QR-C037-2-05,C037,2026-05-22,QR決済,1020
QR-C037-2-09,C037,2026-05-23,QR決済,890
QR-C037-2-17,C037,2026-05-24,QR決済,1240
QR-C037-2-28,C037,2026-05-24,QR決済,1290
QR-C037-2-07,C037,2026-05-26,QR決済,620
QR-C037-2-06,C037,2026-05-27,QR決済,1480
QR-C037-2-33,C037,2026-05-28,QR決済,1110
QR-C037-2-14,C037,2026-05-29,QR決済,1450
QR-C037-2-18,C037,2026-05-30,QR決済,540
QR-C037-2-31,C037,2026-05-30,QR決済,700
QR-C037-2-23,C037,2026-05-31,QR決済,1420
QR-C037-2-30,C037,2026-05-31,QR決済,1150
QR-C037-2-00,C037,2026-06-01,QR決済,1110
QR-C037-2-36,C037,2026-06-01,QR決済,507
QR-C037-2-12,C037,2026-06-02,QR決済,420
QR-C037-2-20,C037,2026-06-02,QR決済,1110
QR-C037-2-25,C037,2026-06-02,QR決済,1000
QR-C037-2-02,C037,2026-06-06,QR決済,1360
QR-C037-2-26,C037,2026-06-07,QR決済,670
QR-C037-2-34,C037,2026-06-07,QR決済,1120
QR-C037-2-29,C037,2026-06-08,QR決済,1270
QR-C037-2-21,C037,2026-06-12,QR決済,800
QR-C037-2-16,C037,2026-06-13,QR決済,830
QR-C037-2-13,C037,2026-06-14,QR決済,1200
QR-C037-2-08,C037,2026-06-15,QR決済,490
QR-C037-2-32,C037,2026-06-15,QR決済,1460
QR-C037-2-01,C037,2026-06-16,QR決済,1290
QR-C037-2-15,C037,2026-06-16,QR決済,480
QR-C037-2-35,C037,2026-06-16,QR決済,1050
QR-C037-3-38,C037,2026-06-19,QR決済,648
QR-C037-3-06,C037,2026-06-20,QR決済,460
QR-C037-3-27,C037,2026-06-20,QR決済,760
QR-C037-3-12,C037,2026-06-22,QR決済,620
QR-C037-3-14,C037,2026-06-23,QR決済,1590
QR-C037-3-31,C037,2026-06-23,QR決済,1120
QR-C037-3-04,C037,2026-06-25,QR決済,1140
QR-C037-3-23,C037,2026-06-25,QR決済,840
QR-C037-3-11,C037,2026-06-26,QR決済,1110
QR-C037-3-25,C037,2026-06-27,QR決済,1340
QR-C037-3-33,C037,2026-06-28,QR決済,1370
QR-C037-3-34,C037,2026-06-28,QR決済,1050
QR-C037-3-05,C037,2026-06-29,QR決済,1190
QR-C037-3-29,C037,2026-06-29,QR決済,1630
QR-C037-3-17,C037,2026-06-30,QR決済,450
QR-C037-3-20,C037,2026-06-30,QR決済,1520
QR-C037-3-30,C037,2026-06-30,QR決済,860
QR-C037-3-19,C037,2026-07-01,QR決済,610
QR-C037-3-16,C037,2026-07-02,QR決済,460
QR-C037-3-07,C037,2026-07-05,QR決済,1660
QR-C037-3-10,C037,2026-07-05,QR決済,1200
QR-C037-3-32,C037,2026-07-05,QR決済,790
QR-C037-3-21,C037,2026-07-06,QR決済,570
QR-C037-3-26,C037,2026-07-06,QR決済,1610
QR-C037-3-28,C037,2026-07-06,QR決済,1030
QR-C037-3-36,C037,2026-07-07,QR決済,930
QR-C037-3-00,C037,2026-07-08,QR決済,1450
QR-C037-3-03,C037,2026-07-09,QR決済,650
QR-C037-3-15,C037,2026-07-10,QR決済,670
QR-C037-3-22,C037,2026-07-10,QR決済,700
QR-C037-3-09,C037,2026-07-11,QR決済,1030
QR-C037-3-08,C037,2026-07-12,QR決済,1680
QR-C037-3-13,C037,2026-07-12,QR決済,1360
QR-C037-3-24,C037,2026-07-13,QR決済,700
QR-C037-3-37,C037,2026-07-13,QR決済,670
QR-C037-3-01,C037,2026-07-14,QR決済,650
QR-C037-3-02,C037,2026-07-15,QR決済,430
QR-C037-3-18,C037,2026-07-15,QR決済,1070
QR-C037-3-35,C037,2026-07-15,QR決済,1070
CARD-C038-0-11,C038,2026-03-19,クレジットカード,1990
QR-C038-0-10,C038,2026-03-21,QR決済,850
QR-C038-0-17,C038,2026-03-22,QR決済,910
CARD-C038-0-03,C038,2026-03-22,クレジットカード,3660
CARD-C038-0-07,C038,2026-03-22,クレジットカード,4630
CARD-C038-0-09,C038,2026-03-22,クレジットカード,2910
CARD-C038-0-04,C038,2026-03-23,クレジットカード,4370
CARD-C038-0-14,C038,2026-03-24,クレジットカード,2800
QR-C038-0-02,C038,2026-03-25,QR決済,2450
QR-C038-0-14,C038,2026-03-25,QR決済,1100
QR-C038-0-16,C038,2026-03-25,QR決済,1340
QR-C038-0-08,C038,2026-03-26,QR決済,1640
CARD-C038-0-10,C038,2026-03-26,クレジットカード,3530
QR-C038-0-19,C038,2026-03-27,QR決済,650
CARD-C038-0-15,C038,2026-03-27,クレジットカード,3773
QR-C038-0-12,C038,2026-03-28,QR決済,1450
QR-C038-0-01,C038,2026-03-29,QR決済,2320
QR-C038-0-06,C038,2026-03-29,QR決済,2300
QR-C038-0-11,C038,2026-03-31,QR決済,2170
QR-C038-0-03,C038,2026-04-02,QR決済,1110
CARD-C038-0-05,C038,2026-04-02,クレジットカード,1630
CARD-C038-0-13,C038,2026-04-02,クレジットカード,1490
QR-C038-0-15,C038,2026-04-04,QR決済,1040
QR-C038-0-09,C038,2026-04-05,QR決済,1390
QR-C038-0-18,C038,2026-04-05,QR決済,1230
QR-C038-0-04,C038,2026-04-06,QR決済,1410
CARD-C038-0-01,C038,2026-04-06,クレジットカード,4730
QR-C038-0-13,C038,2026-04-07,QR決済,980
CARD-C038-0-02,C038,2026-04-08,クレジットカード,3860
QR-C038-0-00,C038,2026-04-10,QR決済,1480
QR-C038-0-20,C038,2026-04-10,QR決済,1929
CARD-C038-0-08,C038,2026-04-11,クレジットカード,2660
QR-C038-0-05,C038,2026-04-13,QR決済,1780
CARD-C038-0-00,C038,2026-04-15,クレジットカード,2400
QR-C038-0-07,C038,2026-04-16,QR決済,2430
CARD-C038-0-06,C038,2026-04-16,クレジットカード,1720
CARD-C038-0-12,C038,2026-04-16,クレジットカード,2720
QR-C038-1-00,C038,2026-04-18,QR決済,1720
QR-C038-1-15,C038,2026-04-18,QR決済,920
QR-C038-1-07,C038,2026-04-19,QR決済,1190
QR-C038-1-12,C038,2026-04-19,QR決済,2420
CARD-C038-1-11,C038,2026-04-19,クレジットカード,2700
QR-C038-1-16,C038,2026-04-20,QR決済,1210
QR-C038-1-18,C038,2026-04-21,QR決済,1660
CARD-C038-1-09,C038,2026-04-21,クレジットカード,3750
CARD-C038-1-14,C038,2026-04-21,クレジットカード,4750
CARD-C038-1-16,C038,2026-04-21,クレジットカード,2788
QR-C038-1-04,C038,2026-04-22,QR決済,2240
CARD-C038-1-01,C038,2026-04-23,クレジットカード,4430
CARD-C038-1-13,C038,2026-04-25,クレジットカード,4370
CARD-C038-1-15,C038,2026-04-25,クレジットカード,3370
CARD-C038-1-03,C038,2026-04-26,クレジットカード,2670
QR-C038-1-03,C038,2026-04-27,QR決済,740
QR-C038-1-13,C038,2026-04-28,QR決済,1380
QR-C038-1-06,C038,2026-04-30,QR決済,1990
CARD-C038-1-00,C038,2026-04-30,クレジットカード,1610
QR-C038-1-21,C038,2026-05-01,QR決済,2162
CARD-C038-1-08,C038,2026-05-01,クレジットカード,3720
QR-C038-1-02,C038,2026-05-02,QR決済,2180
QR-C038-1-17,C038,2026-05-03,QR決済,1310
CARD-C038-1-06,C038,2026-05-03,クレジットカード,3410
QR-C038-1-11,C038,2026-05-04,QR決済,1520
CARD-C038-1-04,C038,2026-05-04,クレジットカード,5610
CARD-C038-1-07,C038,2026-05-04,クレジットカード,2160
QR-C038-1-09,C038,2026-05-05,QR決済,970
CARD-C038-1-02,C038,2026-05-07,クレジットカード,3500
CARD-C038-1-05,C038,2026-05-07,クレジットカード,1860
QR-C038-1-14,C038,2026-05-08,QR決済,830
CARD-C038-1-12,C038,2026-05-08,クレジットカード,1920
CARD-C038-1-10,C038,2026-05-09,クレジットカード,1720
QR-C038-1-20,C038,2026-05-13,QR決済,1780
QR-C038-1-05,C038,2026-05-14,QR決済,1380
QR-C038-1-19,C038,2026-05-14,QR決済,1130
QR-C038-1-08,C038,2026-05-16,QR決済,1190
QR-C038-1-01,C038,2026-05-17,QR決済,2220
QR-C038-1-10,C038,2026-05-17,QR決済,2070
QR-C038-2-04,C038,2026-05-18,QR決済,1730
QR-C038-2-08,C038,2026-05-19,QR決済,2000
QR-C038-2-12,C038,2026-05-19,QR決済,880
QR-C038-2-14,C038,2026-05-19,QR決済,1850
QR-C038-2-16,C038,2026-05-20,QR決済,740
CARD-C038-2-16,C038,2026-05-20,クレジットカード,2680
QR-C038-2-13,C038,2026-05-21,QR決済,1370
CARD-C038-2-00,C038,2026-05-21,クレジットカード,1670
CARD-C038-2-01,C038,2026-05-23,クレジットカード,1590
CARD-C038-2-13,C038,2026-05-23,クレジットカード,2330
CARD-C038-2-17,C038,2026-05-23,クレジットカード,4010
CARD-C038-2-18,C038,2026-05-23,クレジットカード,4587
CARD-C038-2-12,C038,2026-05-25,クレジットカード,2600
QR-C038-2-09,C038,2026-05-26,QR決済,1530
QR-C038-2-17,C038,2026-05-26,QR決済,670
QR-C038-2-24,C038,2026-05-26,QR決済,2407
QR-C038-2-15,C038,2026-05-27,QR決済,700
CARD-C038-2-08,C038,2026-05-27,クレジットカード,3130
QR-C038-2-18,C038,2026-05-28,QR決済,850
CARD-C038-2-14,C038,2026-05-28,クレジットカード,4830
QR-C038-2-00,C038,2026-05-29,QR決済,2050
QR-C038-2-23,C038,2026-05-30,QR決済,1020
CARD-C038-2-06,C038,2026-06-02,クレジットカード,4120
CARD-C038-2-02,C038,2026-06-03,クレジットカード,2590
QR-C038-2-03,C038,2026-06-04,QR決済,1430
QR-C038-2-20,C038,2026-06-06,QR決済,1980
CARD-C038-2-05,C038,2026-06-06,クレジットカード,2420
CARD-C038-2-15,C038,2026-06-08,クレジットカード,2940
QR-C038-2-06,C038,2026-06-09,QR決済,1840
QR-C038-2-19,C038,2026-06-09,QR決済,1280
CARD-C038-2-04,C038,2026-06-09,クレジットカード,1870
CARD-C038-2-11,C038,2026-06-09,クレジットカード,5230
CARD-C038-2-07,C038,2026-06-10,クレジットカード,4530
QR-C038-2-11,C038,2026-06-12,QR決済,2530
QR-C038-2-21,C038,2026-06-12,QR決済,1490
QR-C038-2-22,C038,2026-06-12,QR決済,980
QR-C038-2-01,C038,2026-06-13,QR決済,1180
QR-C038-2-07,C038,2026-06-14,QR決済,1410
CARD-C038-2-09,C038,2026-06-14,クレジットカード,1880
QR-C038-2-02,C038,2026-06-15,QR決済,2110
QR-C038-2-10,C038,2026-06-15,QR決済,2300
QR-C038-2-05,C038,2026-06-16,QR決済,1260
CARD-C038-2-03,C038,2026-06-16,クレジットカード,1720
CARD-C038-2-10,C038,2026-06-16,クレジットカード,4610
QR-C038-3-08,C038,2026-06-17,QR決済,2170
QR-C038-3-06,C038,2026-06-18,QR決済,1620
QR-C038-3-03,C038,2026-06-19,QR決済,800
QR-C038-3-04,C038,2026-06-19,QR決済,1150
QR-C038-3-16,C038,2026-06-20,QR決済,1960
CARD-C038-3-07,C038,2026-06-20,クレジットカード,4880
CARD-C038-3-08,C038,2026-06-20,クレジットカード,2030
CARD-C038-3-05,C038,2026-06-21,クレジットカード,1420
CARD-C038-3-03,C038,2026-06-22,クレジットカード,4020
QR-C038-3-01,C038,2026-06-23,QR決済,2220
QR-C038-3-07,C038,2026-06-23,QR決済,2090
QR-C038-3-10,C038,2026-06-23,QR決済,1770
QR-C038-3-14,C038,2026-06-23,QR決済,1460
QR-C038-3-18,C038,2026-06-23,QR決済,750
CARD-C038-3-00,C038,2026-06-24,クレジットカード,2680
CARD-C038-3-18,C038,2026-06-25,クレジットカード,4070
CARD-C038-3-09,C038,2026-06-26,クレジットカード,4400
QR-C038-3-17,C038,2026-06-27,QR決済,1440
CARD-C038-3-12,C038,2026-06-27,クレジットカード,3250
CARD-C038-3-16,C038,2026-06-28,クレジットカード,1520
QR-C038-3-13,C038,2026-06-29,QR決済,1430
QR-C038-3-11,C038,2026-07-01,QR決済,1510
CARD-C038-3-13,C038,2026-07-01,クレジットカード,1340
QR-C038-3-05,C038,2026-07-02,QR決済,850
QR-C038-3-15,C038,2026-07-02,QR決済,1090
CARD-C038-3-14,C038,2026-07-02,クレジットカード,4850
QR-C038-3-22,C038,2026-07-03,QR決済,2070
QR-C038-3-23,C038,2026-07-03,QR決済,1020
CARD-C038-3-01,C038,2026-07-03,クレジットカード,3170
CARD-C038-3-02,C038,2026-07-03,クレジットカード,5210
CARD-C038-3-17,C038,2026-07-04,クレジットカード,1410
QR-C038-3-20,C038,2026-07-05,QR決済,1850
QR-C038-3-09,C038,2026-07-08,QR決済,1720
CARD-C038-3-19,C038,2026-07-08,クレジットカード,2505
QR-C038-3-02,C038,2026-07-09,QR決済,1620
CARD-C038-3-11,C038,2026-07-10,クレジットカード,2760
CARD-C038-3-15,C038,2026-07-10,クレジットカード,3240
QR-C038-3-21,C038,2026-07-11,QR決済,1210
CARD-C038-3-04,C038,2026-07-11,クレジットカード,3060
CARD-C038-3-06,C038,2026-07-11,クレジットカード,5260
CARD-C038-3-10,C038,2026-07-12,クレジットカード,1380
QR-C038-3-12,C038,2026-07-13,QR決済,1010
QR-C038-3-19,C038,2026-07-13,QR決済,1940
QR-C038-3-00,C038,2026-07-14,QR決済,1820
QR-C038-3-24,C038,2026-07-14,QR決済,1749
QR-C039-0-23,C039,2026-03-19,QR決済,1050
CARD-C039-0-00,C039,2026-03-19,クレジットカード,1380
QR-C039-0-06,C039,2026-03-20,QR決済,1080
CARD-C039-0-03,C039,2026-03-20,クレジットカード,1350
CARD-C039-0-10,C039,2026-03-20,クレジットカード,2210
QR-C039-0-13,C039,2026-03-22,QR決済,350
QR-C039-0-22,C039,2026-03-22,QR決済,680
QR-C039-0-27,C039,2026-03-23,QR決済,1270
QR-C039-0-30,C039,2026-03-23,QR決済,1210
CARD-C039-0-14,C039,2026-03-23,クレジットカード,1180
QR-C039-0-36,C039,2026-03-24,QR決済,1200
QR-C039-0-05,C039,2026-03-25,QR決済,1200
QR-C039-0-03,C039,2026-03-27,QR決済,670
CARD-C039-0-19,C039,2026-03-27,クレジットカード,2411
QR-C039-0-04,C039,2026-03-28,QR決済,1020
QR-C039-0-21,C039,2026-03-28,QR決済,1280
QR-C039-0-32,C039,2026-03-28,QR決済,1260
CARD-C039-0-02,C039,2026-03-28,クレジットカード,2640
QR-C039-0-10,C039,2026-03-29,QR決済,440
QR-C039-0-20,C039,2026-03-30,QR決済,1050
CARD-C039-0-13,C039,2026-03-30,クレジットカード,2750
QR-C039-0-00,C039,2026-03-31,QR決済,800
QR-C039-0-02,C039,2026-04-01,QR決済,340
QR-C039-0-14,C039,2026-04-01,QR決済,1280
QR-C039-0-16,C039,2026-04-02,QR決済,970
QR-C039-0-28,C039,2026-04-02,QR決済,1180
CARD-C039-0-09,C039,2026-04-02,クレジットカード,3450
CARD-C039-0-15,C039,2026-04-02,クレジットカード,2000
CARD-C039-0-18,C039,2026-04-02,クレジットカード,2110
QR-C039-0-24,C039,2026-04-03,QR決済,520
QR-C039-0-08,C039,2026-04-04,QR決済,1210
QR-C039-0-31,C039,2026-04-04,QR決済,770
QR-C039-0-34,C039,2026-04-05,QR決済,590
QR-C039-0-01,C039,2026-04-06,QR決済,680
QR-C039-0-07,C039,2026-04-06,QR決済,1160
QR-C039-0-17,C039,2026-04-06,QR決済,460
CARD-C039-0-01,C039,2026-04-06,クレジットカード,3070
QR-C039-0-12,C039,2026-04-07,QR決済,1040
QR-C039-0-33,C039,2026-04-07,QR決済,840
CARD-C039-0-08,C039,2026-04-07,クレジットカード,2670
CARD-C039-0-04,C039,2026-04-08,クレジットカード,2870
CARD-C039-0-05,C039,2026-04-08,クレジットカード,2350
QR-C039-0-26,C039,2026-04-09,QR決済,950
QR-C039-0-29,C039,2026-04-09,QR決済,990
QR-C039-0-35,C039,2026-04-09,QR決済,990
CARD-C039-0-07,C039,2026-04-09,クレジットカード,1660
QR-C039-0-09,C039,2026-04-10,QR決済,910
CARD-C039-0-17,C039,2026-04-11,クレジットカード,960
QR-C039-0-15,C039,2026-04-13,QR決済,1160
QR-C039-0-18,C039,2026-04-13,QR決済,810
QR-C039-0-19,C039,2026-04-13,QR決済,570
QR-C039-0-11,C039,2026-04-14,QR決済,1000
CARD-C039-0-06,C039,2026-04-16,クレジットカード,2160
CARD-C039-0-16,C039,2026-04-16,クレジットカード,2020
QR-C039-0-25,C039,2026-04-17,QR決済,1260
CARD-C039-0-11,C039,2026-04-17,クレジットカード,2670
CARD-C039-0-12,C039,2026-04-17,クレジットカード,1930
QR-C039-1-24,C039,2026-04-20,QR決済,510
CARD-C039-1-00,C039,2026-04-20,クレジットカード,890
QR-C039-1-13,C039,2026-04-22,QR決済,840
QR-C039-1-18,C039,2026-04-22,QR決済,600
QR-C039-1-05,C039,2026-04-23,QR決済,760
QR-C039-1-31,C039,2026-04-23,QR決済,1600
CARD-C039-1-09,C039,2026-04-23,クレジットカード,1260
QR-C039-1-16,C039,2026-04-24,QR決済,1230
QR-C039-1-21,C039,2026-04-24,QR決済,1640
QR-C039-1-00,C039,2026-04-26,QR決済,780
QR-C039-1-17,C039,2026-04-26,QR決済,1360
CARD-C039-1-17,C039,2026-04-26,クレジットカード,3255
QR-C039-1-02,C039,2026-04-27,QR決済,1390
QR-C039-1-04,C039,2026-04-27,QR決済,460
QR-C039-1-22,C039,2026-04-27,QR決済,650
QR-C039-1-23,C039,2026-04-27,QR決済,1130
QR-C039-1-25,C039,2026-04-27,QR決済,680
QR-C039-1-10,C039,2026-04-28,QR決済,1220
QR-C039-1-32,C039,2026-04-30,QR決済,525
CARD-C039-1-05,C039,2026-04-30,クレジットカード,3210
QR-C039-1-07,C039,2026-05-01,QR決済,480
QR-C039-1-19,C039,2026-05-01,QR決済,520
QR-C039-1-29,C039,2026-05-02,QR決済,1190
CARD-C039-1-04,C039,2026-05-03,クレジットカード,1410
CARD-C039-1-06,C039,2026-05-03,クレジットカード,2230
CARD-C039-1-13,C039,2026-05-04,クレジットカード,3090
CARD-C039-1-16,C039,2026-05-04,クレジットカード,2570
QR-C039-1-20,C039,2026-05-05,QR決済,740
QR-C039-1-30,C039,2026-05-05,QR決済,930
QR-C039-1-06,C039,2026-05-06,QR決済,1140
QR-C039-1-12,C039,2026-05-06,QR決済,720
QR-C039-1-26,C039,2026-05-06,QR決済,990
CARD-C039-1-10,C039,2026-05-06,クレジットカード,2570
QR-C039-1-03,C039,2026-05-07,QR決済,430
CARD-C039-1-07,C039,2026-05-07,クレジットカード,2200
QR-C039-1-28,C039,2026-05-08,QR決済,1410
CARD-C039-1-03,C039,2026-05-08,クレジットカード,3100
QR-C039-1-08,C039,2026-05-09,QR決済,790
QR-C039-1-14,C039,2026-05-09,QR決済,760
CARD-C039-1-08,C039,2026-05-09,クレジットカード,1320
CARD-C039-1-15,C039,2026-05-09,クレジットカード,2900
CARD-C039-1-11,C039,2026-05-10,クレジットカード,2330
QR-C039-1-15,C039,2026-05-12,QR決済,1470
CARD-C039-1-14,C039,2026-05-12,クレジットカード,1230
QR-C039-1-11,C039,2026-05-13,QR決済,410
CARD-C039-1-02,C039,2026-05-14,クレジットカード,2170
QR-C039-1-09,C039,2026-05-16,QR決済,940
QR-C039-1-01,C039,2026-05-17,QR決済,770
QR-C039-1-27,C039,2026-05-17,QR決済,850
CARD-C039-1-01,C039,2026-05-17,クレジットカード,1280
CARD-C039-1-12,C039,2026-05-17,クレジットカード,2060
QR-C039-2-07,C039,2026-05-19,QR決済,720
QR-C039-2-09,C039,2026-05-19,QR決済,840
QR-C039-2-24,C039,2026-05-19,QR決済,410
CARD-C039-2-14,C039,2026-05-19,クレジットカード,3470
QR-C039-2-08,C039,2026-05-20,QR決済,720
CARD-C039-2-13,C039,2026-05-20,クレジットカード,2890
QR-C039-2-13,C039,2026-05-21,QR決済,380
QR-C039-2-16,C039,2026-05-21,QR決済,500
QR-C039-2-25,C039,2026-05-21,QR決済,1240
CARD-C039-2-03,C039,2026-05-21,クレジットカード,1800
CARD-C039-2-06,C039,2026-05-23,クレジットカード,1000
CARD-C039-2-02,C039,2026-05-25,クレジットカード,3400
QR-C039-2-10,C039,2026-05-26,QR決済,1360
QR-C039-2-18,C039,2026-05-27,QR決済,1170
QR-C039-2-14,C039,2026-05-28,QR決済,1150
QR-C039-2-22,C039,2026-05-28,QR決済,1290
CARD-C039-2-09,C039,2026-05-30,クレジットカード,1140
CARD-C039-2-11,C039,2026-05-31,クレジットカード,3350
QR-C039-2-00,C039,2026-06-01,QR決済,1170
QR-C039-2-05,C039,2026-06-01,QR決済,880
QR-C039-2-20,C039,2026-06-02,QR決済,740
QR-C039-2-04,C039,2026-06-03,QR決済,1080
QR-C039-2-19,C039,2026-06-05,QR決済,960
QR-C039-2-27,C039,2026-06-05,QR決済,1039
QR-C039-2-15,C039,2026-06-06,QR決済,440
CARD-C039-2-15,C039,2026-06-06,クレジットカード,3000
QR-C039-2-12,C039,2026-06-07,QR決済,1310
QR-C039-2-21,C039,2026-06-09,QR決済,1000
QR-C039-2-26,C039,2026-06-10,QR決済,480
CARD-C039-2-00,C039,2026-06-10,クレジットカード,1220
CARD-C039-2-07,C039,2026-06-10,クレジットカード,3130
QR-C039-2-02,C039,2026-06-11,QR決済,450
CARD-C039-2-10,C039,2026-06-11,クレジットカード,1160
QR-C039-2-01,C039,2026-06-12,QR決済,1220
CARD-C039-2-01,C039,2026-06-12,クレジットカード,1740
QR-C039-2-06,C039,2026-06-13,QR決済,1070
QR-C039-2-11,C039,2026-06-13,QR決済,830
QR-C039-2-17,C039,2026-06-13,QR決済,1300
QR-C039-2-03,C039,2026-06-14,QR決済,900
QR-C039-2-23,C039,2026-06-14,QR決済,1270
CARD-C039-2-04,C039,2026-06-15,クレジットカード,2510
CARD-C039-2-05,C039,2026-06-15,クレジットカード,1950
CARD-C039-2-08,C039,2026-06-15,クレジットカード,1300
CARD-C039-2-12,C039,2026-06-16,クレジットカード,2140
QR-C039-3-24,C039,2026-06-17,QR決済,914
QR-C039-3-00,C039,2026-06-18,QR決済,1220
QR-C039-3-02,C039,2026-06-20,QR決済,470
QR-C039-3-20,C039,2026-06-20,QR決済,520
QR-C039-3-22,C039,2026-06-21,QR決済,970
QR-C039-3-06,C039,2026-06-22,QR決済,1000
CARD-C039-3-07,C039,2026-06-22,クレジットカード,1680
CARD-C039-3-05,C039,2026-06-23,クレジットカード,3200
CARD-C039-3-13,C039,2026-06-23,クレジットカード,1774
QR-C039-3-08,C039,2026-06-24,QR決済,1220
CARD-C039-3-04,C039,2026-06-24,クレジットカード,2350
QR-C039-3-12,C039,2026-06-25,QR決済,1600
QR-C039-3-03,C039,2026-06-26,QR決済,650
CARD-C039-3-03,C039,2026-06-26,クレジットカード,2570
QR-C039-3-04,C039,2026-06-29,QR決済,580
QR-C039-3-21,C039,2026-06-30,QR決済,650
CARD-C039-3-08,C039,2026-06-30,クレジットカード,1460
QR-C039-3-16,C039,2026-07-01,QR決済,540
CARD-C039-3-01,C039,2026-07-01,クレジットカード,1230
QR-C039-3-05,C039,2026-07-02,QR決済,1300
CARD-C039-3-00,C039,2026-07-02,クレジットカード,1940
CARD-C039-3-10,C039,2026-07-03,クレジットカード,1550
QR-C039-3-11,C039,2026-07-04,QR決済,780
QR-C039-3-14,C039,2026-07-06,QR決済,990
QR-C039-3-19,C039,2026-07-06,QR決済,550
QR-C039-3-23,C039,2026-07-07,QR決済,1410
QR-C039-3-15,C039,2026-07-08,QR決済,1230
QR-C039-3-18,C039,2026-07-08,QR決済,1130
CARD-C039-3-02,C039,2026-07-08,クレジットカード,3600
CARD-C039-3-06,C039,2026-07-10,クレジットカード,1200
CARD-C039-3-11,C039,2026-07-12,クレジットカード,3220
CARD-C039-3-12,C039,2026-07-12,クレジットカード,2950
QR-C039-3-07,C039,2026-07-13,QR決済,670
QR-C039-3-09,C039,2026-07-13,QR決済,1430
QR-C039-3-13,C039,2026-07-13,QR決済,410
CARD-C039-3-09,C039,2026-07-13,クレジットカード,2600
QR-C039-3-10,C039,2026-07-14,QR決済,760
QR-C039-3-17,C039,2026-07-14,QR決済,400
QR-C039-3-01,C039,2026-07-16,QR決済,1290
CARD-C040-0-09,C040,2026-03-20,クレジットカード,5340
CARD-C040-0-02,C040,2026-03-21,クレジットカード,1690
CARD-C040-0-10,C040,2026-03-22,クレジットカード,3860
CARD-C040-0-06,C040,2026-03-23,クレジットカード,4570
QR-C040-0-01,C040,2026-03-24,QR決済,1460
QR-C040-0-09,C040,2026-03-25,QR決済,4889
CARD-C040-0-07,C040,2026-03-27,クレジットカード,1530
QR-C040-0-00,C040,2026-03-29,QR決済,1710
QR-C040-0-08,C040,2026-04-03,QR決済,3680
CARD-C040-0-05,C040,2026-04-03,クレジットカード,4310
QR-C040-0-07,C040,2026-04-04,QR決済,4520
CARD-C040-0-04,C040,2026-04-05,クレジットカード,5150
CARD-C040-0-00,C040,2026-04-07,クレジットカード,5040
QR-C040-0-06,C040,2026-04-08,QR決済,1380
QR-C040-0-02,C040,2026-04-09,QR決済,5270
QR-C040-0-03,C040,2026-04-11,QR決済,1750
QR-C040-0-05,C040,2026-04-11,QR決済,1930
CARD-C040-0-08,C040,2026-04-11,クレジットカード,5460
CARD-C040-0-03,C040,2026-04-16,クレジットカード,5330
QR-C040-0-04,C040,2026-04-17,QR決済,1490
CARD-C040-0-01,C040,2026-04-17,クレジットカード,2370
CARD-C040-1-05,C040,2026-04-18,クレジットカード,5520
CARD-C040-1-08,C040,2026-04-19,クレジットカード,1810
QR-C040-1-00,C040,2026-04-20,QR決済,4280
QR-C040-1-02,C040,2026-04-20,QR決済,2970
QR-C040-1-07,C040,2026-04-21,QR決済,1470
QR-C040-1-08,C040,2026-04-21,QR決済,2800
QR-C040-1-03,C040,2026-04-22,QR決済,2520
QR-C040-1-06,C040,2026-04-27,QR決済,1730
CARD-C040-1-01,C040,2026-04-30,クレジットカード,3920
CARD-C040-1-09,C040,2026-04-30,クレジットカード,5160
CARD-C040-1-11,C040,2026-04-30,クレジットカード,4039
QR-C040-1-09,C040,2026-05-03,QR決済,2597
CARD-C040-1-07,C040,2026-05-03,クレジットカード,1650
QR-C040-1-05,C040,2026-05-04,QR決済,3280
CARD-C040-1-06,C040,2026-05-05,クレジットカード,6080
QR-C040-1-01,C040,2026-05-06,QR決済,3320
CARD-C040-1-02,C040,2026-05-09,クレジットカード,4590
CARD-C040-1-03,C040,2026-05-09,クレジットカード,3570
CARD-C040-1-04,C040,2026-05-11,クレジットカード,2970
CARD-C040-1-10,C040,2026-05-12,クレジットカード,5340
QR-C040-1-04,C040,2026-05-13,QR決済,3500
CARD-C040-1-00,C040,2026-05-15,クレジットカード,1720
CARD-C040-2-01,C040,2026-05-18,クレジットカード,3770
CARD-C040-2-11,C040,2026-05-19,クレジットカード,2785
QR-C040-2-00,C040,2026-05-20,QR決済,1770
QR-C040-2-03,C040,2026-05-25,QR決済,1750
CARD-C040-2-02,C040,2026-05-25,クレジットカード,3760
QR-C040-2-09,C040,2026-05-27,QR決済,3770
QR-C040-2-10,C040,2026-05-30,QR決済,4066
CARD-C040-2-03,C040,2026-05-31,クレジットカード,2330
QR-C040-2-05,C040,2026-06-03,QR決済,3930
QR-C040-2-08,C040,2026-06-03,QR決済,1260
QR-C040-2-01,C040,2026-06-04,QR決済,2930
CARD-C040-2-09,C040,2026-06-04,クレジットカード,3810
QR-C040-2-02,C040,2026-06-05,QR決済,2080
CARD-C040-2-00,C040,2026-06-05,クレジットカード,5090
CARD-C040-2-10,C040,2026-06-05,クレジットカード,1940
QR-C040-2-07,C040,2026-06-06,QR決済,3250
CARD-C040-2-04,C040,2026-06-10,クレジットカード,3820
CARD-C040-2-05,C040,2026-06-11,クレジットカード,6090
CARD-C040-2-07,C040,2026-06-12,クレジットカード,3470
CARD-C040-2-08,C040,2026-06-12,クレジットカード,2610
QR-C040-2-04,C040,2026-06-14,QR決済,3990
CARD-C040-2-06,C040,2026-06-15,クレジットカード,6510
QR-C040-2-06,C040,2026-06-16,QR決済,1830
QR-C040-3-00,C040,2026-06-18,QR決済,2890
CARD-C040-3-06,C040,2026-06-19,クレジットカード,2770
CARD-C040-3-07,C040,2026-06-19,クレジットカード,2040
CARD-C040-3-04,C040,2026-06-20,クレジットカード,2210
QR-C040-3-01,C040,2026-06-21,QR決済,2670
QR-C040-3-02,C040,2026-06-23,QR決済,3720
CARD-C040-3-10,C040,2026-06-23,クレジットカード,3120
CARD-C040-3-08,C040,2026-06-25,クレジットカード,3690
QR-C040-3-06,C040,2026-06-27,QR決済,2990
CARD-C040-3-01,C040,2026-06-29,クレジットカード,1880
CARD-C040-3-02,C040,2026-07-02,クレジットカード,5680
CARD-C040-3-11,C040,2026-07-02,クレジットカード,3368
QR-C040-3-03,C040,2026-07-04,QR決済,2780
CARD-C040-3-09,C040,2026-07-04,クレジットカード,5340
CARD-C040-3-00,C040,2026-07-06,クレジットカード,7150
QR-C040-3-09,C040,2026-07-08,QR決済,1620
CARD-C040-3-03,C040,2026-07-08,クレジットカード,6190
CARD-C040-3-05,C040,2026-07-08,クレジットカード,2480
QR-C040-3-05,C040,2026-07-10,QR決済,4000
QR-C040-3-08,C040,2026-07-11,QR決済,2290
QR-C040-3-04,C040,2026-07-13,QR決済,3850
QR-C040-3-07,C040,2026-07-16,QR決済,1110
QR-C040-3-10,C040,2026-07-16,QR決済,3697
QR-C041-0-14,C041,2026-03-19,QR決済,1350
QR-C041-0-06,C041,2026-03-20,QR決済,1390
QR-C041-0-17,C041,2026-03-20,QR決済,1630
QR-C041-0-00,C041,2026-03-22,QR決済,2060
QR-C041-0-13,C041,2026-03-22,QR決済,870
QR-C041-0-05,C041,2026-03-23,QR決済,1260
QR-C041-0-07,C041,2026-03-26,QR決済,1760
QR-C041-0-18,C041,2026-03-27,QR決済,820
QR-C041-0-19,C041,2026-03-27,QR決済,2470
QR-C041-0-22,C041,2026-03-28,QR決済,1270
QR-C041-0-01,C041,2026-03-30,QR決済,2280
QR-C041-0-21,C041,2026-03-31,QR決済,1700
QR-C041-0-09,C041,2026-04-02,QR決済,1150
QR-C041-0-12,C041,2026-04-02,QR決済,1740
QR-C041-0-15,C041,2026-04-03,QR決済,1480
QR-C041-0-20,C041,2026-04-06,QR決済,2330
QR-C041-0-10,C041,2026-04-08,QR決済,2430
QR-C041-0-08,C041,2026-04-10,QR決済,2390
QR-C041-0-02,C041,2026-04-11,QR決済,2440
QR-C041-0-11,C041,2026-04-12,QR決済,1290
QR-C041-0-04,C041,2026-04-13,QR決済,1540
QR-C041-0-03,C041,2026-04-14,QR決済,2370
QR-C041-0-16,C041,2026-04-14,QR決済,2550
QR-C041-0-23,C041,2026-04-14,QR決済,1735
QR-C041-1-10,C041,2026-04-18,QR決済,1830
QR-C041-1-08,C041,2026-04-24,QR決済,1510
QR-C041-1-04,C041,2026-04-26,QR決済,750
QR-C041-1-00,C041,2026-04-28,QR決済,2750
QR-C041-1-11,C041,2026-04-28,QR決済,2100
QR-C041-1-15,C041,2026-05-01,QR決済,2630
QR-C041-1-07,C041,2026-05-06,QR決済,1180
QR-C041-1-14,C041,2026-05-07,QR決済,2690
QR-C041-1-12,C041,2026-05-11,QR決済,770
QR-C041-1-06,C041,2026-05-12,QR決済,1640
QR-C041-1-09,C041,2026-05-12,QR決済,2100
QR-C041-1-05,C041,2026-05-13,QR決済,1510
QR-C041-1-02,C041,2026-05-14,QR決済,2510
QR-C041-1-13,C041,2026-05-14,QR決済,2320
QR-C041-1-16,C041,2026-05-15,QR決済,2310
QR-C041-1-01,C041,2026-05-17,QR決済,830
QR-C041-1-03,C041,2026-05-17,QR決済,1520
QR-C041-2-10,C041,2026-05-18,QR決済,1590
QR-C041-2-08,C041,2026-05-22,QR決済,2380
QR-C041-2-02,C041,2026-05-23,QR決済,2130
QR-C041-2-07,C041,2026-05-25,QR決済,2020
QR-C041-2-01,C041,2026-05-26,QR決済,2120
QR-C041-2-11,C041,2026-05-26,QR決済,1810
QR-C041-2-03,C041,2026-05-30,QR決済,780
QR-C041-2-04,C041,2026-06-01,QR決済,880
QR-C041-2-00,C041,2026-06-03,QR決済,1520
QR-C041-2-05,C041,2026-06-10,QR決済,1440
QR-C041-2-12,C041,2026-06-12,QR決済,1801
QR-C041-2-06,C041,2026-06-16,QR決済,2100
QR-C041-2-09,C041,2026-06-16,QR決済,2540
QR-C042-0-08,C042,2026-03-19,QR決済,2300
QR-C042-0-10,C042,2026-03-19,QR決済,3770
QR-C042-0-12,C042,2026-03-20,QR決済,1320
QR-C042-0-05,C042,2026-03-24,QR決済,3460
QR-C042-0-03,C042,2026-03-27,QR決済,4220
QR-C042-0-01,C042,2026-03-29,QR決済,2320
QR-C042-0-13,C042,2026-03-30,QR決済,2465
QR-C042-0-06,C042,2026-04-02,QR決済,1420
QR-C042-0-07,C042,2026-04-02,QR決済,2320
QR-C042-0-09,C042,2026-04-02,QR決済,2230
QR-C042-0-11,C042,2026-04-02,QR決済,4220
QR-C042-0-00,C042,2026-04-09,QR決済,3880
QR-C042-0-02,C042,2026-04-14,QR決済,5090
QR-C042-0-04,C042,2026-04-15,QR決済,2400
QR-C042-1-04,C042,2026-04-19,QR決済,4720
QR-C042-1-08,C042,2026-04-19,QR決済,1470
QR-C042-1-06,C042,2026-04-21,QR決済,3500
QR-C042-1-00,C042,2026-04-22,QR決済,3020
QR-C042-1-09,C042,2026-04-23,QR決済,1900
QR-C042-1-05,C042,2026-04-25,QR決済,2260
QR-C042-1-13,C042,2026-05-02,QR決済,1710
QR-C042-1-11,C042,2026-05-04,QR決済,2260
QR-C042-1-14,C042,2026-05-06,QR決済,3600
QR-C042-1-02,C042,2026-05-07,QR決済,2050
QR-C042-1-03,C042,2026-05-08,QR決済,1450
QR-C042-1-07,C042,2026-05-08,QR決済,2400
QR-C042-1-10,C042,2026-05-09,QR決済,4080
QR-C042-1-01,C042,2026-05-15,QR決済,4370
QR-C042-1-12,C042,2026-05-15,QR決済,4460
QR-C042-2-02,C042,2026-05-20,QR決済,2000
QR-C042-2-12,C042,2026-05-20,QR決済,1580
QR-C042-2-00,C042,2026-05-21,QR決済,2320
QR-C042-2-04,C042,2026-05-24,QR決済,4730
QR-C042-2-03,C042,2026-05-25,QR決済,4580
QR-C042-2-05,C042,2026-05-28,QR決済,4670
QR-C042-2-07,C042,2026-05-29,QR決済,4200
QR-C042-2-11,C042,2026-05-31,QR決済,2030
QR-C042-2-01,C042,2026-06-03,QR決済,3160
QR-C042-2-06,C042,2026-06-05,QR決済,1250
QR-C042-2-13,C042,2026-06-07,QR決済,2984
QR-C042-2-10,C042,2026-06-08,QR決済,1350
QR-C042-2-08,C042,2026-06-13,QR決済,4220
QR-C042-2-09,C042,2026-06-13,QR決済,3120
QR-C042-3-00,C042,2026-06-20,QR決済,2880
QR-C042-3-02,C042,2026-06-23,QR決済,1360
QR-C042-3-14,C042,2026-06-23,QR決済,3527
QR-C042-3-04,C042,2026-06-27,QR決済,2630
QR-C042-3-13,C042,2026-06-28,QR決済,1840
QR-C042-3-05,C042,2026-07-03,QR決済,4970
QR-C042-3-09,C042,2026-07-03,QR決済,2380
QR-C042-3-11,C042,2026-07-05,QR決済,2660
QR-C042-3-01,C042,2026-07-06,QR決済,2340
QR-C042-3-06,C042,2026-07-09,QR決済,4670
QR-C042-3-12,C042,2026-07-09,QR決済,2370
QR-C042-3-08,C042,2026-07-10,QR決済,4840
QR-C042-3-07,C042,2026-07-11,QR決済,2690
QR-C042-3-03,C042,2026-07-12,QR決済,3570
QR-C042-3-10,C042,2026-07-12,QR決済,1380
QR-C043-0-00,C043,2026-03-21,QR決済,720
QR-C043-0-04,C043,2026-03-21,QR決済,1110
CARD-C043-0-07,C043,2026-03-22,クレジットカード,4800
QR-C043-0-18,C043,2026-03-23,QR決済,1000
QR-C043-0-28,C043,2026-03-23,QR決済,660
CARD-C043-0-08,C043,2026-03-24,クレジットカード,2530
QR-C043-0-10,C043,2026-03-26,QR決済,1350
QR-C043-0-14,C043,2026-03-26,QR決済,460
QR-C043-0-21,C043,2026-03-26,QR決済,530
CARD-C043-0-04,C043,2026-03-26,クレジットカード,6660
QR-C043-0-30,C043,2026-03-27,QR決済,1040
QR-C043-0-32,C043,2026-03-28,QR決済,1300
CARD-C043-0-00,C043,2026-03-28,クレジットカード,3730
QR-C043-0-33,C043,2026-03-29,QR決済,760
CARD-C043-0-03,C043,2026-03-29,クレジットカード,4820
CARD-C043-0-10,C043,2026-03-29,クレジットカード,7150
QR-C043-0-01,C043,2026-03-30,QR決済,930
QR-C043-0-06,C043,2026-03-30,QR決済,1300
QR-C043-0-13,C043,2026-04-01,QR決済,880
QR-C043-0-24,C043,2026-04-01,QR決済,670
CARD-C043-0-01,C043,2026-04-01,クレジットカード,3330
CARD-C043-0-06,C043,2026-04-01,クレジットカード,4070
QR-C043-0-11,C043,2026-04-02,QR決済,970
CARD-C043-0-02,C043,2026-04-02,クレジットカード,3680
CARD-C043-0-09,C043,2026-04-02,クレジットカード,2630
QR-C043-0-08,C043,2026-04-03,QR決済,1340
QR-C043-0-03,C043,2026-04-04,QR決済,490
QR-C043-0-02,C043,2026-04-05,QR決済,1000
QR-C043-0-20,C043,2026-04-05,QR決済,660
QR-C043-0-15,C043,2026-04-06,QR決済,1220
QR-C043-0-26,C043,2026-04-06,QR決済,1320
QR-C043-0-09,C043,2026-04-07,QR決済,910
QR-C043-0-29,C043,2026-04-07,QR決済,1320
QR-C043-0-07,C043,2026-04-08,QR決済,1310
QR-C043-0-25,C043,2026-04-09,QR決済,1140
QR-C043-0-27,C043,2026-04-09,QR決済,570
CARD-C043-0-05,C043,2026-04-09,クレジットカード,4270
CARD-C043-0-11,C043,2026-04-09,クレジットカード,6413
QR-C043-0-22,C043,2026-04-12,QR決済,920
QR-C043-0-12,C043,2026-04-13,QR決済,1080
QR-C043-0-31,C043,2026-04-13,QR決済,790
QR-C043-0-16,C043,2026-04-14,QR決済,1140
QR-C043-0-17,C043,2026-04-14,QR決済,950
QR-C043-0-05,C043,2026-04-17,QR決済,990
QR-C043-0-19,C043,2026-04-17,QR決済,860
QR-C043-0-23,C043,2026-04-17,QR決済,1260
QR-C043-1-30,C043,2026-04-18,QR決済,1350
QR-C043-1-00,C043,2026-04-19,QR決済,710
CARD-C043-1-00,C043,2026-04-19,クレジットカード,2310
QR-C043-1-01,C043,2026-04-20,QR決済,450
QR-C043-1-27,C043,2026-04-20,QR決済,1140
QR-C043-1-17,C043,2026-04-22,QR決済,840
QR-C043-1-28,C043,2026-04-22,QR決済,490
QR-C043-1-19,C043,2026-04-23,QR決済,1450
CARD-C043-1-04,C043,2026-04-26,クレジットカード,4230
QR-C043-1-13,C043,2026-04-27,QR決済,1380
CARD-C043-1-03,C043,2026-04-28,クレジットカード,5730
CARD-C043-1-06,C043,2026-04-28,クレジットカード,4260
QR-C043-1-04,C043,2026-04-29,QR決済,990
QR-C043-1-33,C043,2026-04-29,QR決済,1446
CARD-C043-1-08,C043,2026-04-30,クレジットカード,2940
CARD-C043-1-12,C043,2026-04-30,クレジットカード,5789
QR-C043-1-07,C043,2026-05-01,QR決済,1350
QR-C043-1-12,C043,2026-05-01,QR決済,970
CARD-C043-1-07,C043,2026-05-01,クレジットカード,3860
CARD-C043-1-11,C043,2026-05-01,クレジットカード,6340
QR-C043-1-05,C043,2026-05-02,QR決済,1050
QR-C043-1-09,C043,2026-05-02,QR決済,380
CARD-C043-1-10,C043,2026-05-02,クレジットカード,4360
QR-C043-1-15,C043,2026-05-03,QR決済,500
QR-C043-1-26,C043,2026-05-04,QR決済,970
CARD-C043-1-01,C043,2026-05-05,クレジットカード,5340
QR-C043-1-22,C043,2026-05-06,QR決済,1370
QR-C043-1-31,C043,2026-05-06,QR決済,1010
QR-C043-1-32,C043,2026-05-06,QR決済,1040
QR-C043-1-08,C043,2026-05-08,QR決済,1320
CARD-C043-1-05,C043,2026-05-09,クレジットカード,5890
QR-C043-1-16,C043,2026-05-10,QR決済,400
QR-C043-1-02,C043,2026-05-11,QR決済,820
QR-C043-1-10,C043,2026-05-11,QR決済,500
QR-C043-1-18,C043,2026-05-11,QR決済,1120
QR-C043-1-20,C043,2026-05-11,QR決済,510
QR-C043-1-14,C043,2026-05-12,QR決済,1180
QR-C043-1-21,C043,2026-05-12,QR決済,1310
CARD-C043-1-02,C043,2026-05-12,クレジットカード,5380
CARD-C043-1-09,C043,2026-05-13,クレジットカード,3230
QR-C043-1-11,C043,2026-05-14,QR決済,650
QR-C043-1-24,C043,2026-05-14,QR決済,750
QR-C043-1-29,C043,2026-05-16,QR決済,1340
QR-C043-1-03,C043,2026-05-17,QR決済,1440
QR-C043-1-06,C043,2026-05-17,QR決済,1210
QR-C043-1-23,C043,2026-05-17,QR決済,1350
QR-C043-1-25,C043,2026-05-17,QR決済,800
QR-C043-2-09,C043,2026-05-18,QR決済,460
QR-C043-2-18,C043,2026-05-18,QR決済,450
QR-C043-2-22,C043,2026-05-18,QR決済,930
CARD-C043-2-03,C043,2026-05-18,クレジットカード,3150
CARD-C043-2-05,C043,2026-05-18,クレジットカード,2160
QR-C043-2-12,C043,2026-05-19,QR決済,1020
CARD-C043-2-08,C043,2026-05-20,クレジットカード,6890
QR-C043-2-02,C043,2026-05-21,QR決済,790
QR-C043-2-36,C043,2026-05-21,QR決済,714
QR-C043-2-01,C043,2026-05-22,QR決済,950
QR-C043-2-31,C043,2026-05-22,QR決済,610
CARD-C043-2-00,C043,2026-05-22,クレジットカード,3390
QR-C043-2-08,C043,2026-05-23,QR決済,1000
QR-C043-2-03,C043,2026-05-24,QR決済,620
QR-C043-2-17,C043,2026-05-24,QR決済,1560
QR-C043-2-24,C043,2026-05-24,QR決済,1470
QR-C043-2-00,C043,2026-05-26,QR決済,1220
QR-C043-2-25,C043,2026-05-27,QR決済,780
QR-C043-2-34,C043,2026-05-27,QR決済,1140
CARD-C043-2-11,C043,2026-05-28,クレジットカード,2530
QR-C043-2-23,C043,2026-05-29,QR決済,740
CARD-C043-2-13,C043,2026-05-29,クレジットカード,5373
CARD-C043-2-07,C043,2026-05-30,クレジットカード,3160
QR-C043-2-27,C043,2026-05-31,QR決済,600
QR-C043-2-29,C043,2026-06-01,QR決済,990
QR-C043-2-33,C043,2026-06-01,QR決済,720
QR-C043-2-19,C043,2026-06-02,QR決済,1550
QR-C043-2-06,C043,2026-06-03,QR決済,1340
QR-C043-2-30,C043,2026-06-03,QR決済,670
QR-C043-2-04,C043,2026-06-04,QR決済,1280
QR-C043-2-14,C043,2026-06-04,QR決済,750
QR-C043-2-15,C043,2026-06-04,QR決済,870
CARD-C043-2-02,C043,2026-06-04,クレジットカード,4670
QR-C043-2-26,C043,2026-06-05,QR決済,820
QR-C043-2-10,C043,2026-06-06,QR決済,1030
CARD-C043-2-01,C043,2026-06-06,クレジットカード,2210
CARD-C043-2-10,C043,2026-06-09,クレジットカード,6340
QR-C043-2-28,C043,2026-06-10,QR決済,750
CARD-C043-2-04,C043,2026-06-10,クレジットカード,5530
QR-C043-2-07,C043,2026-06-11,QR決済,690
CARD-C043-2-09,C043,2026-06-11,クレジットカード,4960
QR-C043-2-16,C043,2026-06-12,QR決済,1320
CARD-C043-2-06,C043,2026-06-12,クレジットカード,4450
QR-C043-2-05,C043,2026-06-13,QR決済,740
QR-C043-2-20,C043,2026-06-13,QR決済,1470
QR-C043-2-21,C043,2026-06-13,QR決済,1290
QR-C043-2-32,C043,2026-06-13,QR決済,1540
QR-C043-2-11,C043,2026-06-15,QR決済,1040
QR-C043-2-13,C043,2026-06-15,QR決済,1530
QR-C043-2-35,C043,2026-06-16,QR決済,530
CARD-C043-2-12,C043,2026-06-16,クレジットカード,7420
QR-C043-3-14,C043,2026-06-17,QR決済,570
CARD-C043-3-00,C043,2026-06-17,クレジットカード,5610
CARD-C043-3-03,C043,2026-06-17,クレジットカード,4340
QR-C043-3-23,C043,2026-06-18,QR決済,510
CARD-C043-3-01,C043,2026-06-18,クレジットカード,4520
CARD-C043-3-11,C043,2026-06-18,クレジットカード,6340
QR-C043-3-08,C043,2026-06-19,QR決済,1170
QR-C043-3-16,C043,2026-06-19,QR決済,920
CARD-C043-3-06,C043,2026-06-20,クレジットカード,2500
QR-C043-3-04,C043,2026-06-21,QR決済,960
QR-C043-3-00,C043,2026-06-22,QR決済,1230
QR-C043-3-22,C043,2026-06-22,QR決済,430
QR-C043-3-37,C043,2026-06-22,QR決済,940
CARD-C043-3-12,C043,2026-06-22,クレジットカード,3390
QR-C043-3-05,C043,2026-06-23,QR決済,490
QR-C043-3-13,C043,2026-06-23,QR決済,480
QR-C043-3-20,C043,2026-06-23,QR決済,1190
QR-C043-3-31,C043,2026-06-24,QR決済,1120
QR-C043-3-26,C043,2026-06-25,QR決済,610
QR-C043-3-03,C043,2026-06-26,QR決済,1430
CARD-C043-3-13,C043,2026-06-26,クレジットカード,2800
CARD-C043-3-14,C043,2026-06-26,クレジットカード,5449
QR-C043-3-33,C043,2026-06-28,QR決済,1070
QR-C043-3-28,C043,2026-06-29,QR決済,1370
CARD-C043-3-08,C043,2026-06-29,クレジットカード,6080
QR-C043-3-15,C043,2026-06-30,QR決済,780
QR-C043-3-24,C043,2026-06-30,QR決済,1210
QR-C043-3-02,C043,2026-07-02,QR決済,530
QR-C043-3-17,C043,2026-07-02,QR決済,1250
QR-C043-3-34,C043,2026-07-02,QR決済,1410
CARD-C043-3-10,C043,2026-07-02,クレジットカード,5790
QR-C043-3-09,C043,2026-07-03,QR決済,1520
QR-C043-3-35,C043,2026-07-03,QR決済,650
CARD-C043-3-05,C043,2026-07-03,クレジットカード,2710
CARD-C043-3-07,C043,2026-07-03,クレジットカード,4430
QR-C043-3-18,C043,2026-07-04,QR決済,1170
QR-C043-3-30,C043,2026-07-05,QR決済,1500
QR-C043-3-19,C043,2026-07-06,QR決済,480
QR-C043-3-27,C043,2026-07-06,QR決済,1040
QR-C043-3-06,C043,2026-07-07,QR決済,550
QR-C043-3-29,C043,2026-07-07,QR決済,1120
QR-C043-3-32,C043,2026-07-07,QR決済,680
QR-C043-3-36,C043,2026-07-08,QR決済,620
QR-C043-3-21,C043,2026-07-09,QR決済,1430
QR-C043-3-25,C043,2026-07-09,QR決済,1000
QR-C043-3-01,C043,2026-07-10,QR決済,1460
QR-C043-3-11,C043,2026-07-10,QR決済,1260
QR-C043-3-12,C043,2026-07-10,QR決済,650
CARD-C043-3-04,C043,2026-07-11,クレジットカード,3550
CARD-C043-3-09,C043,2026-07-12,クレジットカード,2870
QR-C043-3-10,C043,2026-07-14,QR決済,1330
CARD-C043-3-02,C043,2026-07-14,クレジットカード,5040
QR-C043-3-07,C043,2026-07-15,QR決済,710
QR-C043-3-38,C043,2026-07-15,QR決済,933
QR-C044-0-05,C044,2026-03-19,QR決済,2290
CARD-C044-0-14,C044,2026-03-19,クレジットカード,5140
QR-C044-0-18,C044,2026-03-21,QR決済,2500
QR-C044-0-10,C044,2026-03-22,QR決済,2380
CARD-C044-0-08,C044,2026-03-23,クレジットカード,1750
CARD-C044-0-03,C044,2026-03-24,クレジットカード,3790
QR-C044-0-09,C044,2026-03-25,QR決済,2410
QR-C044-0-19,C044,2026-03-26,QR決済,860
QR-C044-0-07,C044,2026-03-27,QR決済,1460
QR-C044-0-11,C044,2026-03-27,QR決済,820
QR-C044-0-22,C044,2026-03-27,QR決済,2320
QR-C044-0-06,C044,2026-03-28,QR決済,1420
QR-C044-0-16,C044,2026-03-28,QR決済,2150
CARD-C044-0-15,C044,2026-03-28,クレジットカード,1913
QR-C044-0-01,C044,2026-03-29,QR決済,1920
QR-C044-0-15,C044,2026-03-31,QR決済,710
CARD-C044-0-13,C044,2026-03-31,クレジットカード,2270
QR-C044-0-02,C044,2026-04-01,QR決済,2040
QR-C044-0-17,C044,2026-04-01,QR決済,1750
QR-C044-0-20,C044,2026-04-01,QR決済,1840
CARD-C044-0-01,C044,2026-04-01,クレジットカード,3390
CARD-C044-0-12,C044,2026-04-01,クレジットカード,1940
QR-C044-0-08,C044,2026-04-02,QR決済,2300
QR-C044-0-14,C044,2026-04-03,QR決済,2130
QR-C044-0-23,C044,2026-04-03,QR決済,2362
CARD-C044-0-02,C044,2026-04-03,クレジットカード,3480
CARD-C044-0-07,C044,2026-04-03,クレジットカード,3240
QR-C044-0-03,C044,2026-04-04,QR決済,730
CARD-C044-0-06,C044,2026-04-04,クレジットカード,5360
QR-C044-0-21,C044,2026-04-05,QR決済,1450
CARD-C044-0-11,C044,2026-04-05,クレジットカード,3640
QR-C044-0-13,C044,2026-04-06,QR決済,2070
QR-C044-0-12,C044,2026-04-08,QR決済,1670
CARD-C044-0-04,C044,2026-04-08,クレジットカード,4580
QR-C044-0-04,C044,2026-04-11,QR決済,2160
CARD-C044-0-09,C044,2026-04-11,クレジットカード,1970
QR-C044-0-00,C044,2026-04-13,QR決済,710
CARD-C044-0-05,C044,2026-04-13,クレジットカード,4550
CARD-C044-0-10,C044,2026-04-15,クレジットカード,1480
CARD-C044-0-00,C044,2026-04-16,クレジットカード,2430
QR-C044-1-03,C044,2026-04-20,QR決済,1450
QR-C044-1-12,C044,2026-04-20,QR決済,2240
QR-C044-1-04,C044,2026-04-21,QR決済,2690
QR-C044-1-00,C044,2026-04-22,QR決済,1250
QR-C044-1-13,C044,2026-04-22,QR決済,1580
QR-C044-1-06,C044,2026-04-23,QR決済,2610
QR-C044-1-07,C044,2026-04-24,QR決済,2220
CARD-C044-1-07,C044,2026-04-24,クレジットカード,3170
QR-C044-1-11,C044,2026-04-25,QR決済,730
CARD-C044-1-04,C044,2026-04-26,クレジットカード,2140
CARD-C044-1-09,C044,2026-04-28,クレジットカード,2200
CARD-C044-1-01,C044,2026-04-29,クレジットカード,4690
QR-C044-1-14,C044,2026-04-30,QR決済,1640
CARD-C044-1-06,C044,2026-05-02,クレジットカード,4320
QR-C044-1-09,C044,2026-05-03,QR決済,1590
CARD-C044-1-05,C044,2026-05-03,クレジットカード,2320
CARD-C044-1-02,C044,2026-05-04,クレジットカード,3720
QR-C044-1-05,C044,2026-05-05,QR決済,2150
QR-C044-1-10,C044,2026-05-06,QR決済,1850
QR-C044-1-15,C044,2026-05-07,QR決済,900
CARD-C044-1-03,C044,2026-05-07,クレジットカード,4290
QR-C044-1-02,C044,2026-05-08,QR決済,1700
CARD-C044-1-00,C044,2026-05-10,クレジットカード,1590
CARD-C044-1-11,C044,2026-05-11,クレジットカード,4010
QR-C044-1-01,C044,2026-05-13,QR決済,2100
QR-C044-1-16,C044,2026-05-14,QR決済,1336
QR-C044-1-08,C044,2026-05-15,QR決済,2130
CARD-C044-1-08,C044,2026-05-17,クレジットカード,1760
CARD-C044-1-10,C044,2026-05-17,クレジットカード,3600
QR-C044-2-00,C044,2026-05-18,QR決済,1840
CARD-C044-2-00,C044,2026-05-18,クレジットカード,4550
CARD-C044-2-06,C044,2026-05-21,クレジットカード,3240
QR-C044-2-03,C044,2026-05-24,QR決済,1290
CARD-C044-2-03,C044,2026-05-24,クレジットカード,3700
CARD-C044-2-04,C044,2026-05-24,クレジットカード,5020
QR-C044-2-01,C044,2026-05-26,QR決済,2410
CARD-C044-2-01,C044,2026-05-27,クレジットカード,5120
QR-C044-2-10,C044,2026-05-28,QR決済,2050
CARD-C044-2-08,C044,2026-06-01,クレジットカード,1719
QR-C044-2-07,C044,2026-06-02,QR決済,1530
QR-C044-2-09,C044,2026-06-02,QR決済,1500
QR-C044-2-05,C044,2026-06-04,QR決済,1340
QR-C044-2-08,C044,2026-06-04,QR決済,1110
CARD-C044-2-07,C044,2026-06-04,クレジットカード,2090
QR-C044-2-11,C044,2026-06-07,QR決済,1696
QR-C044-2-02,C044,2026-06-09,QR決済,2060
CARD-C044-2-02,C044,2026-06-09,クレジットカード,2020
CARD-C044-2-05,C044,2026-06-09,クレジットカード,1480
QR-C044-2-04,C044,2026-06-11,QR決済,2510
QR-C044-2-06,C044,2026-06-12,QR決済,1470
CARD-C044-3-01,C044,2026-06-17,クレジットカード,1850
CARD-C044-3-03,C044,2026-06-23,クレジットカード,2300
CARD-C044-3-04,C044,2026-06-25,クレジットカード,3210
CARD-C044-3-05,C044,2026-06-26,クレジットカード,4180
CARD-C044-3-00,C044,2026-07-07,クレジットカード,3120
CARD-C044-3-06,C044,2026-07-13,クレジットカード,2616
CARD-C044-3-02,C044,2026-07-16,クレジットカード,3760
CARD-C045-0-05,C045,2026-03-19,クレジットカード,2940
CARD-C045-0-08,C045,2026-03-20,クレジットカード,1410
QR-C045-0-01,C045,2026-03-22,QR決済,2050
QR-C045-0-02,C045,2026-03-23,QR決済,2870
CARD-C045-0-02,C045,2026-03-27,クレジットカード,3660
CARD-C045-0-07,C045,2026-03-27,クレジットカード,4430
CARD-C045-0-10,C045,2026-03-27,クレジットカード,3520
QR-C045-0-09,C045,2026-03-29,QR決済,2500
CARD-C045-0-00,C045,2026-03-30,クレジットカード,4350
QR-C045-0-08,C045,2026-03-31,QR決済,1450
CARD-C045-0-13,C045,2026-03-31,クレジットカード,1765
CARD-C045-0-12,C045,2026-04-03,クレジットカード,2640
QR-C045-0-04,C045,2026-04-04,QR決済,2970
CARD-C045-0-03,C045,2026-04-04,クレジットカード,5460
QR-C045-0-00,C045,2026-04-06,QR決済,3370
QR-C045-0-05,C045,2026-04-06,QR決済,3430
QR-C045-0-10,C045,2026-04-06,QR決済,1180
CARD-C045-0-06,C045,2026-04-07,クレジットカード,2100
QR-C045-0-06,C045,2026-04-08,QR決済,2420
CARD-C045-0-09,C045,2026-04-08,クレジットカード,3180
CARD-C045-0-11,C045,2026-04-08,クレジットカード,1390
QR-C045-0-07,C045,2026-04-12,QR決済,2640
QR-C045-0-11,C045,2026-04-12,QR決済,1490
QR-C045-0-03,C045,2026-04-13,QR決済,1890
QR-C045-0-12,C045,2026-04-15,QR決済,1384
CARD-C045-0-01,C045,2026-04-17,クレジットカード,2240
CARD-C045-0-04,C045,2026-04-17,クレジットカード,5220
QR-C045-1-03,C045,2026-04-18,QR決済,2940
CARD-C045-1-08,C045,2026-04-18,クレジットカード,4360
QR-C045-1-07,C045,2026-04-19,QR決済,2720
CARD-C045-1-06,C045,2026-04-19,クレジットカード,3920
QR-C045-1-05,C045,2026-04-20,QR決済,1970
CARD-C045-1-05,C045,2026-04-21,クレジットカード,3790
QR-C045-1-08,C045,2026-04-22,QR決済,3220
QR-C045-1-00,C045,2026-04-23,QR決済,2260
QR-C045-1-04,C045,2026-04-28,QR決済,2440
CARD-C045-1-07,C045,2026-04-29,クレジットカード,4130
QR-C045-1-11,C045,2026-05-02,QR決済,1171
QR-C045-1-01,C045,2026-05-03,QR決済,1490
QR-C045-1-09,C045,2026-05-04,QR決済,1040
CARD-C045-1-03,C045,2026-05-05,クレジットカード,3140
CARD-C045-1-09,C045,2026-05-07,クレジットカード,3160
CARD-C045-1-01,C045,2026-05-08,クレジットカード,3370
CARD-C045-1-11,C045,2026-05-10,クレジットカード,2621
CARD-C045-1-02,C045,2026-05-12,クレジットカード,1920
QR-C045-1-10,C045,2026-05-13,QR決済,2770
CARD-C045-1-04,C045,2026-05-13,クレジットカード,4270
QR-C045-1-02,C045,2026-05-15,QR決済,2780
CARD-C045-1-00,C045,2026-05-15,クレジットカード,1240
QR-C045-1-06,C045,2026-05-16,QR決済,1220
CARD-C045-1-10,C045,2026-05-16,クレジットカード,2700
CARD-C045-2-05,C045,2026-05-18,クレジットカード,5010
QR-C045-2-02,C045,2026-05-20,QR決済,1660
QR-C045-2-07,C045,2026-05-23,QR決済,2720
QR-C045-2-06,C045,2026-05-24,QR決済,2890
CARD-C045-2-01,C045,2026-05-24,クレジットカード,4550
QR-C045-2-00,C045,2026-05-28,QR決済,1980
CARD-C045-2-06,C045,2026-05-28,クレジットカード,1650
QR-C045-2-01,C045,2026-06-03,QR決済,2100
QR-C045-2-04,C045,2026-06-06,QR決済,1500
CARD-C045-2-03,C045,2026-06-06,クレジットカード,1980
QR-C045-2-08,C045,2026-06-07,QR決済,1800
CARD-C045-2-02,C045,2026-06-07,クレジットカード,5120
CARD-C045-2-08,C045,2026-06-08,クレジットカード,1680
CARD-C045-2-04,C045,2026-06-10,クレジットカード,3200
QR-C045-2-05,C045,2026-06-13,QR決済,1900
QR-C045-2-09,C045,2026-06-13,QR決済,3054
CARD-C045-2-07,C045,2026-06-13,クレジットカード,4130
CARD-C045-2-00,C045,2026-06-14,クレジットカード,2070
CARD-C045-2-09,C045,2026-06-14,クレジットカード,1830
QR-C045-2-03,C045,2026-06-15,QR決済,2860
CARD-C045-2-10,C045,2026-06-15,クレジットカード,3723
QR-C045-3-01,C045,2026-06-17,QR決済,1310
CARD-C045-3-01,C045,2026-06-18,クレジットカード,3360
CARD-C045-3-02,C045,2026-06-19,クレジットカード,3990
CARD-C045-3-07,C045,2026-06-21,クレジットカード,2370
QR-C045-3-00,C045,2026-06-22,QR決済,1680
CARD-C045-3-03,C045,2026-06-23,クレジットカード,2960
QR-C045-3-03,C045,2026-06-28,QR決済,2130
QR-C045-3-08,C045,2026-06-28,QR決済,2708
QR-C045-3-05,C045,2026-07-01,QR決済,1610
CARD-C045-3-06,C045,2026-07-03,クレジットカード,4100
QR-C045-3-07,C045,2026-07-08,QR決済,3390
CARD-C045-3-00,C045,2026-07-08,クレジットカード,2090
CARD-C045-3-08,C045,2026-07-10,クレジットカード,3775
QR-C045-3-06,C045,2026-07-11,QR決済,1250
CARD-C045-3-05,C045,2026-07-11,クレジットカード,2730
CARD-C045-3-04,C045,2026-07-13,クレジットカード,4110
QR-C045-3-02,C045,2026-07-14,QR決済,2120
QR-C045-3-04,C045,2026-07-14,QR決済,2830
QR-C046-0-03,C046,2026-03-19,QR決済,2650
QR-C046-0-07,C046,2026-03-19,QR決済,3300
QR-C046-0-12,C046,2026-03-21,QR決済,2250
CARD-C046-0-03,C046,2026-03-22,クレジットカード,2980
CARD-C046-0-05,C046,2026-03-23,クレジットカード,1520
CARD-C046-0-09,C046,2026-03-23,クレジットカード,2310
QR-C046-0-05,C046,2026-03-24,QR決済,2090
QR-C046-0-08,C046,2026-03-25,QR決済,3580
QR-C046-0-15,C046,2026-03-26,QR決済,3550
CARD-C046-0-00,C046,2026-03-26,クレジットカード,2040
QR-C046-0-16,C046,2026-03-28,QR決済,1180
CARD-C046-0-14,C046,2026-03-28,クレジットカード,1010
QR-C046-0-00,C046,2026-03-29,QR決済,1690
CARD-C046-0-06,C046,2026-03-29,クレジットカード,1920
CARD-C046-0-12,C046,2026-03-29,クレジットカード,2670
QR-C046-0-10,C046,2026-03-30,QR決済,2510
CARD-C046-0-04,C046,2026-03-31,クレジットカード,1600
CARD-C046-0-10,C046,2026-03-31,クレジットカード,3170
CARD-C046-0-21,C046,2026-03-31,クレジットカード,2130
CARD-C046-0-19,C046,2026-04-01,クレジットカード,1640
QR-C046-0-11,C046,2026-04-02,QR決済,1270
CARD-C046-0-22,C046,2026-04-05,クレジットカード,2393
QR-C046-0-01,C046,2026-04-06,QR決済,1420
CARD-C046-0-20,C046,2026-04-07,クレジットカード,2420
QR-C046-0-02,C046,2026-04-08,QR決済,1060
QR-C046-0-09,C046,2026-04-08,QR決済,1810
QR-C046-0-19,C046,2026-04-08,QR決済,1169
QR-C046-0-18,C046,2026-04-09,QR決済,1450
CARD-C046-0-16,C046,2026-04-09,クレジットカード,1300
QR-C046-0-14,C046,2026-04-11,QR決済,1180
CARD-C046-0-17,C046,2026-04-11,クレジットカード,2650
QR-C046-0-04,C046,2026-04-12,QR決済,2870
CARD-C046-0-01,C046,2026-04-12,クレジットカード,2190
CARD-C046-0-07,C046,2026-04-12,クレジットカード,1550
CARD-C046-0-11,C046,2026-04-12,クレジットカード,1460
QR-C046-0-06,C046,2026-04-13,QR決済,2720
QR-C046-0-17,C046,2026-04-14,QR決済,3520
CARD-C046-0-15,C046,2026-04-14,クレジットカード,1480
CARD-C046-0-18,C046,2026-04-15,クレジットカード,2180
QR-C046-0-13,C046,2026-04-16,QR決済,3290
CARD-C046-0-13,C046,2026-04-16,クレジットカード,3330
CARD-C046-0-02,C046,2026-04-17,クレジットカード,2380
CARD-C046-0-08,C046,2026-04-17,クレジットカード,3570
CARD-C046-1-22,C046,2026-04-18,クレジットカード,1920
QR-C046-1-07,C046,2026-04-19,QR決済,1650
CARD-C046-1-00,C046,2026-04-19,クレジットカード,1080
CARD-C046-1-12,C046,2026-04-20,クレジットカード,3330
CARD-C046-1-09,C046,2026-04-21,クレジットカード,3090
CARD-C046-1-16,C046,2026-04-21,クレジットカード,1450
QR-C046-1-11,C046,2026-04-22,QR決済,1630
QR-C046-1-06,C046,2026-04-23,QR決済,1670
CARD-C046-1-03,C046,2026-04-23,クレジットカード,2460
CARD-C046-1-04,C046,2026-04-23,クレジットカード,1480
CARD-C046-1-23,C046,2026-04-23,クレジットカード,3077
QR-C046-1-14,C046,2026-04-24,QR決済,1590
CARD-C046-1-01,C046,2026-04-26,クレジットカード,2190
QR-C046-1-17,C046,2026-04-29,QR決済,1850
CARD-C046-1-13,C046,2026-04-29,クレジットカード,2610
QR-C046-1-10,C046,2026-04-30,QR決済,3140
CARD-C046-1-05,C046,2026-04-30,クレジットカード,2520
CARD-C046-1-19,C046,2026-04-30,クレジットカード,2640
QR-C046-1-16,C046,2026-05-01,QR決済,1140
CARD-C046-1-02,C046,2026-05-01,クレジットカード,2870
QR-C046-1-01,C046,2026-05-02,QR決済,3220
CARD-C046-1-10,C046,2026-05-02,クレジットカード,2520
QR-C046-1-00,C046,2026-05-04,QR決済,3430
CARD-C046-1-07,C046,2026-05-04,クレジットカード,1880
QR-C046-1-12,C046,2026-05-05,QR決済,1430
QR-C046-1-09,C046,2026-05-06,QR決済,2010
QR-C046-1-13,C046,2026-05-06,QR決済,3530
QR-C046-1-03,C046,2026-05-08,QR決済,2880
QR-C046-1-18,C046,2026-05-08,QR決済,1870
CARD-C046-1-17,C046,2026-05-08,クレジットカード,2050
QR-C046-1-04,C046,2026-05-09,QR決済,1730
CARD-C046-1-06,C046,2026-05-09,クレジットカード,2940
CARD-C046-1-14,C046,2026-05-09,クレジットカード,1260
QR-C046-1-15,C046,2026-05-10,QR決済,2080
CARD-C046-1-15,C046,2026-05-11,クレジットカード,1390
QR-C046-1-19,C046,2026-05-13,QR決済,2978
CARD-C046-1-11,C046,2026-05-13,クレジットカード,2900
CARD-C046-1-20,C046,2026-05-13,クレジットカード,2030
CARD-C046-1-21,C046,2026-05-13,クレジットカード,1650
QR-C046-1-02,C046,2026-05-14,QR決済,2900
QR-C046-1-05,C046,2026-05-14,QR決済,1920
QR-C046-1-08,C046,2026-05-14,QR決済,2410
CARD-C046-1-08,C046,2026-05-14,クレジットカード,1800
CARD-C046-1-18,C046,2026-05-15,クレジットカード,1800
QR-C046-2-05,C046,2026-05-18,QR決済,2870
CARD-C046-2-13,C046,2026-05-19,クレジットカード,2030
CARD-C046-2-16,C046,2026-05-19,クレジットカード,1730
CARD-C046-2-22,C046,2026-05-19,クレジットカード,1860
QR-C046-2-00,C046,2026-05-21,QR決済,2710
QR-C046-2-13,C046,2026-05-21,QR決済,2570
CARD-C046-2-17,C046,2026-05-21,クレジットカード,2250
QR-C046-2-06,C046,2026-05-23,QR決済,1610
QR-C046-2-14,C046,2026-05-23,QR決済,2160
QR-C046-2-18,C046,2026-05-23,QR決済,2640
CARD-C046-2-05,C046,2026-05-24,クレジットカード,3350
CARD-C046-2-04,C046,2026-05-26,クレジットカード,2120
QR-C046-2-17,C046,2026-05-27,QR決済,2390
CARD-C046-2-15,C046,2026-05-27,クレジットカード,2090
QR-C046-2-09,C046,2026-05-28,QR決済,1470
QR-C046-2-10,C046,2026-05-28,QR決済,1580
CARD-C046-2-00,C046,2026-05-28,クレジットカード,1690
QR-C046-2-02,C046,2026-05-29,QR決済,1800
QR-C046-2-16,C046,2026-05-29,QR決済,1750
CARD-C046-2-21,C046,2026-05-29,クレジットカード,2240
QR-C046-2-07,C046,2026-05-31,QR決済,2260
CARD-C046-2-12,C046,2026-05-31,クレジットカード,2940
QR-C046-2-19,C046,2026-06-01,QR決済,3290
CARD-C046-2-11,C046,2026-06-01,クレジットカード,2430
CARD-C046-2-14,C046,2026-06-01,クレジットカード,1830
CARD-C046-2-20,C046,2026-06-01,クレジットカード,3410
QR-C046-2-08,C046,2026-06-02,QR決済,1450
CARD-C046-2-19,C046,2026-06-02,クレジットカード,2900
CARD-C046-2-06,C046,2026-06-03,クレジットカード,1910
QR-C046-2-20,C046,2026-06-04,QR決済,1741
CARD-C046-2-03,C046,2026-06-05,クレジットカード,2040
CARD-C046-2-08,C046,2026-06-06,クレジットカード,1650
CARD-C046-2-24,C046,2026-06-06,クレジットカード,1292
QR-C046-2-01,C046,2026-06-07,QR決済,1660
QR-C046-2-11,C046,2026-06-07,QR決済,3350
CARD-C046-2-02,C046,2026-06-09,クレジットカード,1860
CARD-C046-2-09,C046,2026-06-10,クレジットカード,1530
CARD-C046-2-07,C046,2026-06-13,クレジットカード,2860
QR-C046-2-03,C046,2026-06-14,QR決済,3470
CARD-C046-2-10,C046,2026-06-14,クレジットカード,2510
CARD-C046-2-18,C046,2026-06-14,クレジットカード,1810
QR-C046-2-04,C046,2026-06-15,QR決済,2360
QR-C046-2-12,C046,2026-06-15,QR決済,2270
CARD-C046-2-23,C046,2026-06-15,クレジットカード,2610
QR-C046-2-15,C046,2026-06-16,QR決済,2130
CARD-C046-2-01,C046,2026-06-16,クレジットカード,2350
CARD-C046-3-26,C046,2026-06-17,クレジットカード,3200
QR-C046-3-16,C046,2026-06-18,QR決済,3160
CARD-C046-3-03,C046,2026-06-18,クレジットカード,1730
CARD-C046-3-07,C046,2026-06-18,クレジットカード,1890
QR-C046-3-17,C046,2026-06-19,QR決済,2150
CARD-C046-3-04,C046,2026-06-19,クレジットカード,3160
CARD-C046-3-18,C046,2026-06-19,クレジットカード,2910
CARD-C046-3-14,C046,2026-06-20,クレジットカード,2940
QR-C046-3-11,C046,2026-06-21,QR決済,2590
QR-C046-3-12,C046,2026-06-21,QR決済,1620
QR-C046-3-21,C046,2026-06-21,QR決済,1880
CARD-C046-3-08,C046,2026-06-21,クレジットカード,960
QR-C046-3-01,C046,2026-06-22,QR決済,910
CARD-C046-3-27,C046,2026-06-22,クレジットカード,2914
QR-C046-3-08,C046,2026-06-23,QR決済,1500
QR-C046-3-03,C046,2026-06-26,QR決済,2020
QR-C046-3-18,C046,2026-06-26,QR決済,1930
CARD-C046-3-23,C046,2026-06-26,クレジットカード,2800
QR-C046-3-14,C046,2026-06-27,QR決済,3100
CARD-C046-3-05,C046,2026-06-27,クレジットカード,2400
CARD-C046-3-19,C046,2026-06-27,クレジットカード,2650
CARD-C046-3-06,C046,2026-06-28,クレジットカード,1400
CARD-C046-3-15,C046,2026-06-29,クレジットカード,1600
CARD-C046-3-25,C046,2026-06-29,クレジットカード,3180
CARD-C046-3-24,C046,2026-06-30,クレジットカード,1580
CARD-C046-3-02,C046,2026-07-01,クレジットカード,1840
QR-C046-3-00,C046,2026-07-03,QR決済,1330
QR-C046-3-07,C046,2026-07-03,QR決済,2990
CARD-C046-3-00,C046,2026-07-03,クレジットカード,2800
CARD-C046-3-16,C046,2026-07-03,クレジットカード,1140
QR-C046-3-09,C046,2026-07-05,QR決済,1810
CARD-C046-3-01,C046,2026-07-05,クレジットカード,1610
QR-C046-3-05,C046,2026-07-06,QR決済,1970
CARD-C046-3-09,C046,2026-07-06,クレジットカード,1800
CARD-C046-3-11,C046,2026-07-07,クレジットカード,2550
CARD-C046-3-21,C046,2026-07-07,クレジットカード,1670
QR-C046-3-13,C046,2026-07-08,QR決済,3340
QR-C046-3-06,C046,2026-07-09,QR決済,1880
CARD-C046-3-10,C046,2026-07-10,クレジットカード,2660
CARD-C046-3-17,C046,2026-07-10,クレジットカード,1170
CARD-C046-3-22,C046,2026-07-10,クレジットカード,3580
QR-C046-3-10,C046,2026-07-11,QR決済,1720
QR-C046-3-20,C046,2026-07-11,QR決済,3290
QR-C046-3-15,C046,2026-07-12,QR決済,2810
QR-C046-3-19,C046,2026-07-12,QR決済,2830
QR-C046-3-22,C046,2026-07-12,QR決済,913
CARD-C046-3-12,C046,2026-07-12,クレジットカード,1890
QR-C046-3-04,C046,2026-07-15,QR決済,2330
CARD-C046-3-13,C046,2026-07-15,クレジットカード,1010
QR-C046-3-02,C046,2026-07-16,QR決済,2920
CARD-C046-3-20,C046,2026-07-16,クレジットカード,2100
QR-C047-0-39,C047,2026-03-19,QR決済,1110
CARD-C047-0-03,C047,2026-03-19,クレジットカード,5830
QR-C047-0-18,C047,2026-03-20,QR決済,1150
CARD-C047-0-08,C047,2026-03-20,クレジットカード,4610
QR-C047-0-22,C047,2026-03-21,QR決済,1000
QR-C047-0-27,C047,2026-03-21,QR決済,370
QR-C047-0-05,C047,2026-03-23,QR決済,810
QR-C047-0-40,C047,2026-03-23,QR決済,1230
QR-C047-0-13,C047,2026-03-24,QR決済,1200
QR-C047-0-43,C047,2026-03-24,QR決済,700
QR-C047-0-10,C047,2026-03-25,QR決済,900
QR-C047-0-28,C047,2026-03-25,QR決済,790
QR-C047-0-16,C047,2026-03-27,QR決済,1160
QR-C047-0-32,C047,2026-03-28,QR決済,1390
QR-C047-0-33,C047,2026-03-28,QR決済,690
CARD-C047-0-09,C047,2026-03-28,クレジットカード,1990
QR-C047-0-00,C047,2026-03-29,QR決済,1360
QR-C047-0-01,C047,2026-03-29,QR決済,630
QR-C047-0-35,C047,2026-03-29,QR決済,370
QR-C047-0-02,C047,2026-03-30,QR決済,1050
QR-C047-0-26,C047,2026-03-30,QR決済,790
QR-C047-0-31,C047,2026-03-30,QR決済,990
QR-C047-0-45,C047,2026-03-30,QR決済,1340
QR-C047-0-15,C047,2026-03-31,QR決済,860
QR-C047-0-17,C047,2026-03-31,QR決済,820
QR-C047-0-04,C047,2026-04-02,QR決済,1240
QR-C047-0-06,C047,2026-04-02,QR決済,480
QR-C047-0-36,C047,2026-04-02,QR決済,700
QR-C047-0-38,C047,2026-04-02,QR決済,660
CARD-C047-0-04,C047,2026-04-02,クレジットカード,5250
QR-C047-0-09,C047,2026-04-03,QR決済,680
QR-C047-0-24,C047,2026-04-03,QR決済,1070
CARD-C047-0-05,C047,2026-04-03,クレジットカード,1770
QR-C047-0-30,C047,2026-04-04,QR決済,640
QR-C047-0-11,C047,2026-04-05,QR決済,1260
QR-C047-0-25,C047,2026-04-05,QR決済,640
CARD-C047-0-01,C047,2026-04-05,クレジットカード,4430
QR-C047-0-21,C047,2026-04-06,QR決済,1070
QR-C047-0-42,C047,2026-04-06,QR決済,1030
QR-C047-0-46,C047,2026-04-06,QR決済,352
QR-C047-0-41,C047,2026-04-07,QR決済,980
QR-C047-0-44,C047,2026-04-07,QR決済,770
QR-C047-0-23,C047,2026-04-08,QR決済,1320
CARD-C047-0-00,C047,2026-04-08,クレジットカード,1610
QR-C047-0-14,C047,2026-04-09,QR決済,750
QR-C047-0-19,C047,2026-04-09,QR決済,1180
QR-C047-0-37,C047,2026-04-09,QR決済,420
QR-C047-0-12,C047,2026-04-10,QR決済,610
CARD-C047-0-02,C047,2026-04-10,クレジットカード,5270
QR-C047-0-08,C047,2026-04-11,QR決済,630
QR-C047-0-29,C047,2026-04-11,QR決済,490
CARD-C047-0-07,C047,2026-04-11,クレジットカード,2600
QR-C047-0-34,C047,2026-04-12,QR決済,590
CARD-C047-0-10,C047,2026-04-13,クレジットカード,4884
QR-C047-0-03,C047,2026-04-14,QR決済,1290
CARD-C047-0-06,C047,2026-04-14,クレジットカード,3290
QR-C047-0-07,C047,2026-04-15,QR決済,560
QR-C047-0-20,C047,2026-04-15,QR決済,650
QR-C047-1-11,C047,2026-04-18,QR決済,430
QR-C047-1-30,C047,2026-04-18,QR決済,650
QR-C047-1-21,C047,2026-04-21,QR決済,1090
CARD-C047-1-08,C047,2026-04-21,クレジットカード,1832
QR-C047-1-33,C047,2026-04-22,QR決済,1200
CARD-C047-1-00,C047,2026-04-22,クレジットカード,2970
QR-C047-1-05,C047,2026-04-23,QR決済,830
QR-C047-1-08,C047,2026-04-23,QR決済,470
QR-C047-1-18,C047,2026-04-23,QR決済,1070
QR-C047-1-28,C047,2026-04-24,QR決済,1300
QR-C047-1-32,C047,2026-04-25,QR決済,730
CARD-C047-1-02,C047,2026-04-26,クレジットカード,4470
QR-C047-1-01,C047,2026-04-27,QR決済,1330
QR-C047-1-10,C047,2026-04-27,QR決済,1190
QR-C047-1-14,C047,2026-04-28,QR決済,910
QR-C047-1-09,C047,2026-04-30,QR決済,940
QR-C047-1-22,C047,2026-04-30,QR決済,750
QR-C047-1-25,C047,2026-05-01,QR決済,700
QR-C047-1-26,C047,2026-05-01,QR決済,440
QR-C047-1-27,C047,2026-05-01,QR決済,1220
QR-C047-1-00,C047,2026-05-02,QR決済,770
QR-C047-1-04,C047,2026-05-02,QR決済,890
QR-C047-1-16,C047,2026-05-02,QR決済,490
QR-C047-1-12,C047,2026-05-05,QR決済,550
QR-C047-1-23,C047,2026-05-06,QR決済,940
CARD-C047-1-05,C047,2026-05-06,クレジットカード,3430
QR-C047-1-31,C047,2026-05-07,QR決済,870
QR-C047-1-34,C047,2026-05-07,QR決済,844
QR-C047-1-17,C047,2026-05-08,QR決済,1120
QR-C047-1-24,C047,2026-05-08,QR決済,660
QR-C047-1-29,C047,2026-05-08,QR決済,1100
QR-C047-1-19,C047,2026-05-09,QR決済,740
QR-C047-1-15,C047,2026-05-12,QR決済,510
CARD-C047-1-03,C047,2026-05-12,クレジットカード,2830
CARD-C047-1-06,C047,2026-05-12,クレジットカード,3990
CARD-C047-1-07,C047,2026-05-13,クレジットカード,3090
QR-C047-1-02,C047,2026-05-14,QR決済,360
QR-C047-1-13,C047,2026-05-14,QR決済,1330
CARD-C047-1-04,C047,2026-05-14,クレジットカード,4260
QR-C047-1-07,C047,2026-05-15,QR決済,1260
CARD-C047-1-01,C047,2026-05-15,クレジットカード,4690
QR-C047-1-03,C047,2026-05-17,QR決済,1310
QR-C047-1-06,C047,2026-05-17,QR決済,570
QR-C047-1-20,C047,2026-05-17,QR決済,750
QR-C047-2-25,C047,2026-05-18,QR決済,1160
QR-C047-2-24,C047,2026-05-20,QR決済,590
CARD-C047-2-05,C047,2026-05-20,クレジットカード,3918
QR-C047-2-12,C047,2026-05-21,QR決済,1150
CARD-C047-2-01,C047,2026-05-21,クレジットカード,3360
QR-C047-2-08,C047,2026-05-23,QR決済,760
QR-C047-2-20,C047,2026-05-23,QR決済,480
QR-C047-2-02,C047,2026-05-25,QR決済,880
QR-C047-2-06,C047,2026-05-25,QR決済,550
QR-C047-2-21,C047,2026-05-25,QR決済,1200
CARD-C047-2-00,C047,2026-05-26,クレジットカード,5060
QR-C047-2-16,C047,2026-05-28,QR決済,1120
CARD-C047-2-02,C047,2026-05-28,クレジットカード,4750
QR-C047-2-00,C047,2026-06-01,QR決済,900
QR-C047-2-01,C047,2026-06-01,QR決済,1260
QR-C047-2-05,C047,2026-06-01,QR決済,620
QR-C047-2-09,C047,2026-06-01,QR決済,400
QR-C047-2-22,C047,2026-06-01,QR決済,1180
QR-C047-2-10,C047,2026-06-03,QR決済,660
QR-C047-2-04,C047,2026-06-06,QR決済,1200
QR-C047-2-14,C047,2026-06-06,QR決済,830
QR-C047-2-11,C047,2026-06-07,QR決済,1010
CARD-C047-2-03,C047,2026-06-07,クレジットカード,2280
QR-C047-2-03,C047,2026-06-08,QR決済,1000
CARD-C047-2-04,C047,2026-06-09,クレジットカード,2770
QR-C047-2-23,C047,2026-06-10,QR決済,620
QR-C047-2-26,C047,2026-06-10,QR決済,498
QR-C047-2-07,C047,2026-06-12,QR決済,850
QR-C047-2-13,C047,2026-06-12,QR決済,930
QR-C047-2-15,C047,2026-06-13,QR決済,1130
QR-C047-2-17,C047,2026-06-14,QR決済,470
QR-C047-2-18,C047,2026-06-16,QR決済,660
QR-C047-2-19,C047,2026-06-16,QR決済,1140
CARD-C047-3-01,C047,2026-06-26,クレジットカード,3980
CARD-C047-3-00,C047,2026-06-27,クレジットカード,3030
CARD-C047-3-03,C047,2026-07-01,クレジットカード,4166
CARD-C047-3-02,C047,2026-07-09,クレジットカード,4150
QR-C048-0-29,C048,2026-03-19,QR決済,1154
QR-C048-0-09,C048,2026-03-23,QR決済,1240
QR-C048-0-06,C048,2026-03-24,QR決済,1180
QR-C048-0-21,C048,2026-03-24,QR決済,1650
QR-C048-0-25,C048,2026-03-24,QR決済,1270
QR-C048-0-13,C048,2026-03-29,QR決済,1250
QR-C048-0-07,C048,2026-03-30,QR決済,500
QR-C048-0-15,C048,2026-03-30,QR決済,1450
QR-C048-0-02,C048,2026-03-31,QR決済,820
QR-C048-0-16,C048,2026-03-31,QR決済,1390
QR-C048-0-28,C048,2026-03-31,QR決済,960
QR-C048-0-03,C048,2026-04-03,QR決済,840
QR-C048-0-19,C048,2026-04-03,QR決済,640
QR-C048-0-24,C048,2026-04-03,QR決済,1640
QR-C048-0-26,C048,2026-04-03,QR決済,670
QR-C048-0-01,C048,2026-04-04,QR決済,1080
QR-C048-0-12,C048,2026-04-04,QR決済,1450
QR-C048-0-14,C048,2026-04-04,QR決済,880
QR-C048-0-23,C048,2026-04-04,QR決済,780
QR-C048-0-10,C048,2026-04-06,QR決済,1450
QR-C048-0-04,C048,2026-04-07,QR決済,510
QR-C048-0-08,C048,2026-04-08,QR決済,1680
QR-C048-0-20,C048,2026-04-08,QR決済,1300
QR-C048-0-00,C048,2026-04-15,QR決済,920
QR-C048-0-11,C048,2026-04-15,QR決済,880
QR-C048-0-17,C048,2026-04-15,QR決済,670
QR-C048-0-22,C048,2026-04-15,QR決済,820
QR-C048-0-05,C048,2026-04-16,QR決済,650
QR-C048-0-27,C048,2026-04-16,QR決済,480
QR-C048-0-18,C048,2026-04-17,QR決済,1570
QR-C048-1-06,C048,2026-04-19,QR決済,1370
QR-C048-1-04,C048,2026-04-20,QR決済,620
QR-C048-1-15,C048,2026-04-23,QR決済,1450
QR-C048-1-10,C048,2026-04-25,QR決済,1170
QR-C048-1-11,C048,2026-04-25,QR決済,1260
QR-C048-1-20,C048,2026-04-25,QR決済,1240
QR-C048-1-21,C048,2026-04-25,QR決済,1660
QR-C048-1-12,C048,2026-04-26,QR決済,450
QR-C048-1-07,C048,2026-05-02,QR決済,580
QR-C048-1-24,C048,2026-05-02,QR決済,1683
QR-C048-1-09,C048,2026-05-04,QR決済,1070
QR-C048-1-02,C048,2026-05-05,QR決済,720
QR-C048-1-08,C048,2026-05-06,QR決済,680
QR-C048-1-18,C048,2026-05-08,QR決済,900
QR-C048-1-16,C048,2026-05-10,QR決済,1590
QR-C048-1-22,C048,2026-05-10,QR決済,1090
QR-C048-1-23,C048,2026-05-10,QR決済,780
QR-C048-1-01,C048,2026-05-11,QR決済,510
QR-C048-1-14,C048,2026-05-11,QR決済,1490
QR-C048-1-05,C048,2026-05-13,QR決済,1220
QR-C048-1-13,C048,2026-05-13,QR決済,1390
QR-C048-1-00,C048,2026-05-15,QR決済,1290
QR-C048-1-03,C048,2026-05-15,QR決済,700
QR-C048-1-19,C048,2026-05-15,QR決済,470
QR-C048-1-17,C048,2026-05-17,QR決済,1390
QR-C048-2-06,C048,2026-05-18,QR決済,1660
QR-C048-2-11,C048,2026-05-21,QR決済,770
QR-C048-2-01,C048,2026-05-24,QR決済,1740
QR-C048-2-17,C048,2026-05-24,QR決済,1490
QR-C048-2-04,C048,2026-05-27,QR決済,1430
QR-C048-2-08,C048,2026-05-31,QR決済,620
QR-C048-2-14,C048,2026-06-01,QR決済,570
QR-C048-2-03,C048,2026-06-02,QR決済,810
QR-C048-2-00,C048,2026-06-05,QR決済,680
QR-C048-2-05,C048,2026-06-05,QR決済,1410
QR-C048-2-07,C048,2026-06-05,QR決済,1640
QR-C048-2-18,C048,2026-06-05,QR決済,540
QR-C048-2-02,C048,2026-06-06,QR決済,790
QR-C048-2-21,C048,2026-06-06,QR決済,1070
QR-C048-2-16,C048,2026-06-07,QR決済,510
QR-C048-2-20,C048,2026-06-07,QR決済,1030
QR-C048-2-12,C048,2026-06-10,QR決済,1450
QR-C048-2-15,C048,2026-06-11,QR決済,1610
QR-C048-2-22,C048,2026-06-11,QR決済,571
QR-C048-2-19,C048,2026-06-12,QR決済,1080
QR-C048-2-09,C048,2026-06-14,QR決済,840
QR-C048-2-10,C048,2026-06-15,QR決済,720
QR-C048-2-13,C048,2026-06-15,QR決済,1070
QR-C048-3-07,C048,2026-06-19,QR決済,1060
QR-C048-3-12,C048,2026-06-20,QR決済,760
QR-C048-3-05,C048,2026-06-22,QR決済,640
QR-C048-3-06,C048,2026-06-22,QR決済,1050
QR-C048-3-11,C048,2026-06-26,QR決済,730
QR-C048-3-00,C048,2026-06-27,QR決済,990
QR-C048-3-16,C048,2026-06-27,QR決済,1640
QR-C048-3-09,C048,2026-06-30,QR決済,790
QR-C048-3-15,C048,2026-07-01,QR決済,970
QR-C048-3-03,C048,2026-07-02,QR決済,1170
QR-C048-3-04,C048,2026-07-02,QR決済,1040
QR-C048-3-02,C048,2026-07-03,QR決済,1360
QR-C048-3-17,C048,2026-07-07,QR決済,1600
QR-C048-3-10,C048,2026-07-08,QR決済,1500
QR-C048-3-18,C048,2026-07-08,QR決済,1051
QR-C048-3-08,C048,2026-07-11,QR決済,1610
QR-C048-3-14,C048,2026-07-14,QR決済,800
QR-C048-3-01,C048,2026-07-15,QR決済,420
QR-C048-3-13,C048,2026-07-16,QR決済,1120
CARD-C050-0-09,C050,2026-03-21,クレジットカード,1190
CARD-C050-0-11,C050,2026-03-21,クレジットカード,2480
CARD-C050-0-13,C050,2026-03-21,クレジットカード,2730
CARD-C050-0-16,C050,2026-03-22,クレジットカード,4150
QR-C050-0-00,C050,2026-03-24,QR決済,2310
CARD-C050-0-18,C050,2026-03-24,クレジットカード,1170
QR-C050-0-11,C050,2026-03-26,QR決済,2390
QR-C050-0-10,C050,2026-03-27,QR決済,2500
QR-C050-0-13,C050,2026-03-27,QR決済,1300
CARD-C050-0-05,C050,2026-03-28,クレジットカード,3370
QR-C050-0-01,C050,2026-03-29,QR決済,1370
CARD-C050-0-01,C050,2026-03-29,クレジットカード,1720
CARD-C050-0-07,C050,2026-03-29,クレジットカード,1960
QR-C050-0-07,C050,2026-04-01,QR決済,2290
QR-C050-0-03,C050,2026-04-03,QR決済,2900
QR-C050-0-14,C050,2026-04-03,QR決済,2910
CARD-C050-0-04,C050,2026-04-03,クレジットカード,2220
QR-C050-0-02,C050,2026-04-04,QR決済,2940
CARD-C050-0-20,C050,2026-04-04,クレジットカード,1220
CARD-C050-0-03,C050,2026-04-05,クレジットカード,2650
CARD-C050-0-14,C050,2026-04-05,クレジットカード,1270
CARD-C050-0-17,C050,2026-04-05,クレジットカード,2820
CARD-C050-0-06,C050,2026-04-06,クレジットカード,3460
CARD-C050-0-12,C050,2026-04-06,クレジットカード,2430
QR-C050-0-05,C050,2026-04-07,QR決済,2210
QR-C050-0-04,C050,2026-04-08,QR決済,1450
CARD-C050-0-08,C050,2026-04-08,クレジットカード,3600
QR-C050-0-09,C050,2026-04-11,QR決済,1680
CARD-C050-0-10,C050,2026-04-11,クレジットカード,1510
QR-C050-0-08,C050,2026-04-12,QR決済,1160
CARD-C050-0-15,C050,2026-04-12,クレジットカード,2870
QR-C050-0-06,C050,2026-04-13,QR決済,1730
CARD-C050-0-00,C050,2026-04-13,クレジットカード,4060
CARD-C050-0-02,C050,2026-04-13,クレジットカード,2670
CARD-C050-0-19,C050,2026-04-13,クレジットカード,2570
QR-C050-0-17,C050,2026-04-14,QR決済,2492
QR-C050-0-16,C050,2026-04-15,QR決済,3140
CARD-C050-0-21,C050,2026-04-15,クレジットカード,2799
QR-C050-0-12,C050,2026-04-17,QR決済,1290
QR-C050-0-15,C050,2026-04-17,QR決済,2960
QR-C050-1-09,C050,2026-04-18,QR決済,2950
CARD-C050-1-03,C050,2026-04-18,クレジットカード,2750
CARD-C050-1-04,C050,2026-04-18,クレジットカード,1470
CARD-C050-1-08,C050,2026-04-22,クレジットカード,2230
QR-C050-1-01,C050,2026-04-24,QR決済,1290
QR-C050-1-02,C050,2026-04-24,QR決済,1800
CARD-C050-1-20,C050,2026-04-24,クレジットカード,2050
CARD-C050-1-05,C050,2026-04-25,クレジットカード,1140
CARD-C050-1-11,C050,2026-04-25,クレジットカード,1360
QR-C050-1-05,C050,2026-04-26,QR決済,2110
CARD-C050-1-09,C050,2026-04-26,クレジットカード,3420
QR-C050-1-06,C050,2026-04-27,QR決済,2050
QR-C050-1-10,C050,2026-04-28,QR決済,1990
QR-C050-1-14,C050,2026-04-28,QR決済,3530
CARD-C050-1-06,C050,2026-04-28,クレジットカード,2840
CARD-C050-1-15,C050,2026-04-28,クレジットカード,2200
QR-C050-1-08,C050,2026-04-29,QR決済,2020
QR-C050-1-13,C050,2026-04-30,QR決済,3070
CARD-C050-1-02,C050,2026-04-30,クレジットカード,2240
QR-C050-1-11,C050,2026-05-01,QR決済,3510
CARD-C050-1-07,C050,2026-05-01,クレジットカード,3220
CARD-C050-1-17,C050,2026-05-02,クレジットカード,3000
QR-C050-1-15,C050,2026-05-05,QR決済,2970
QR-C050-1-16,C050,2026-05-05,QR決済,954
CARD-C050-1-16,C050,2026-05-05,クレジットカード,3120
CARD-C050-1-12,C050,2026-05-06,クレジットカード,1860
CARD-C050-1-00,C050,2026-05-07,クレジットカード,3310
CARD-C050-1-18,C050,2026-05-08,クレジットカード,3580
QR-C050-1-03,C050,2026-05-09,QR決済,1850
CARD-C050-1-13,C050,2026-05-09,クレジットカード,1440
CARD-C050-1-19,C050,2026-05-09,クレジットカード,3420
QR-C050-1-00,C050,2026-05-10,QR決済,1720
QR-C050-1-04,C050,2026-05-10,QR決済,2910
CARD-C050-1-14,C050,2026-05-12,クレジットカード,2540
CARD-C050-1-21,C050,2026-05-12,クレジットカード,1764
QR-C050-1-12,C050,2026-05-13,QR決済,1850
QR-C050-1-07,C050,2026-05-14,QR決済,1960
CARD-C050-1-01,C050,2026-05-14,クレジットカード,2540
CARD-C050-1-10,C050,2026-05-15,クレジットカード,3710
CARD-C050-2-00,C050,2026-05-18,クレジットカード,3270
CARD-C050-2-08,C050,2026-05-18,クレジットカード,1230
QR-C050-2-03,C050,2026-05-19,QR決済,1820
QR-C050-2-05,C050,2026-05-19,QR決済,960
CARD-C050-2-16,C050,2026-05-19,クレジットカード,3570
QR-C050-2-04,C050,2026-05-21,QR決済,1430
QR-C050-2-14,C050,2026-05-21,QR決済,3040
CARD-C050-2-05,C050,2026-05-21,クレジットカード,1480
QR-C050-2-16,C050,2026-05-22,QR決済,1360
CARD-C050-2-01,C050,2026-05-22,クレジットカード,3560
CARD-C050-2-14,C050,2026-05-24,クレジットカード,1140
CARD-C050-2-20,C050,2026-05-24,クレジットカード,3750
CARD-C050-2-21,C050,2026-05-24,クレジットカード,1600
QR-C050-2-08,C050,2026-05-26,QR決済,3000
QR-C050-2-13,C050,2026-05-27,QR決済,1700
QR-C050-2-07,C050,2026-05-28,QR決済,2480
QR-C050-2-10,C050,2026-05-29,QR決済,3020
QR-C050-2-02,C050,2026-05-30,QR決済,2240
CARD-C050-2-07,C050,2026-05-30,クレジットカード,1820
CARD-C050-2-15,C050,2026-05-30,クレジットカード,3410
CARD-C050-2-19,C050,2026-05-30,クレジットカード,1410
CARD-C050-2-23,C050,2026-05-30,クレジットカード,3139
QR-C050-2-11,C050,2026-06-01,QR決済,3010
CARD-C050-2-04,C050,2026-06-01,クレジットカード,2580
CARD-C050-2-09,C050,2026-06-01,クレジットカード,2450
CARD-C050-2-17,C050,2026-06-01,クレジットカード,2810
CARD-C050-2-18,C050,2026-06-01,クレジットカード,1520
QR-C050-2-15,C050,2026-06-02,QR決済,2440
QR-C050-2-09,C050,2026-06-04,QR決済,2180
QR-C050-2-01,C050,2026-06-05,QR決済,2660
QR-C050-2-00,C050,2026-06-06,QR決済,2520
QR-C050-2-06,C050,2026-06-07,QR決済,1160
CARD-C050-2-11,C050,2026-06-10,クレジットカード,1060
CARD-C050-2-13,C050,2026-06-10,クレジットカード,1930
CARD-C050-2-22,C050,2026-06-11,クレジットカード,3550
CARD-C050-2-06,C050,2026-06-13,クレジットカード,1360
CARD-C050-2-10,C050,2026-06-14,クレジットカード,3620
CARD-C050-2-12,C050,2026-06-14,クレジットカード,1300
CARD-C050-2-02,C050,2026-06-15,クレジットカード,3470
CARD-C050-2-03,C050,2026-06-15,クレジットカード,2970
QR-C050-2-12,C050,2026-06-16,QR決済,2620
CARD-C050-3-17,C050,2026-06-17,クレジットカード,2550
CARD-C050-3-23,C050,2026-06-18,クレジットカード,1312
QR-C050-3-03,C050,2026-06-19,QR決済,2530
CARD-C050-3-03,C050,2026-06-19,クレジットカード,2540
CARD-C050-3-10,C050,2026-06-19,クレジットカード,2090
QR-C050-3-00,C050,2026-06-21,QR決済,2880
CARD-C050-3-08,C050,2026-06-24,クレジットカード,3850
CARD-C050-3-18,C050,2026-06-25,クレジットカード,3860
CARD-C050-3-01,C050,2026-06-26,クレジットカード,1380
CARD-C050-3-07,C050,2026-06-26,クレジットカード,1640
QR-C050-3-09,C050,2026-06-27,QR決済,1830
CARD-C050-3-22,C050,2026-06-27,クレジットカード,3920
QR-C050-3-11,C050,2026-06-28,QR決済,2090
CARD-C050-3-00,C050,2026-06-28,クレジットカード,2790
CARD-C050-3-14,C050,2026-06-29,クレジットカード,1280
CARD-C050-3-04,C050,2026-06-30,クレジットカード,2760
QR-C050-3-14,C050,2026-07-01,QR決済,2730
CARD-C050-3-16,C050,2026-07-02,クレジットカード,2450
CARD-C050-3-06,C050,2026-07-07,クレジットカード,1500
CARD-C050-3-11,C050,2026-07-07,クレジットカード,4020
CARD-C050-3-12,C050,2026-07-07,クレジットカード,2260
CARD-C050-3-20,C050,2026-07-07,クレジットカード,2160
QR-C050-3-06,C050,2026-07-09,QR決済,2190
QR-C050-3-07,C050,2026-07-09,QR決済,2160
CARD-C050-3-09,C050,2026-07-09,クレジットカード,3250
QR-C050-3-08,C050,2026-07-10,QR決済,2130
QR-C050-3-15,C050,2026-07-10,QR決済,2439
CARD-C050-3-19,C050,2026-07-10,クレジットカード,1060
QR-C050-3-01,C050,2026-07-11,QR決済,970
QR-C050-3-02,C050,2026-07-11,QR決済,3110
QR-C050-3-13,C050,2026-07-11,QR決済,2110
QR-C050-3-05,C050,2026-07-12,QR決済,2870
CARD-C050-3-13,C050,2026-07-12,クレジットカード,1640
CARD-C050-3-02,C050,2026-07-13,クレジットカード,3940
QR-C050-3-04,C050,2026-07-14,QR決済,2750
QR-C050-3-10,C050,2026-07-14,QR決済,1570
CARD-C050-3-05,C050,2026-07-14,クレジットカード,2570
QR-C050-3-12,C050,2026-07-15,QR決済,2360
CARD-C050-3-15,C050,2026-07-15,クレジットカード,2540
CARD-C050-3-21,C050,2026-07-15,クレジットカード,2280
QR-C051-0-05,C051,2026-03-19,QR決済,2170
QR-C051-0-17,C051,2026-03-19,QR決済,2270
QR-C051-0-19,C051,2026-03-19,QR決済,1067
QR-C051-0-02,C051,2026-03-22,QR決済,1890
QR-C051-0-04,C051,2026-03-24,QR決済,1030
QR-C051-0-07,C051,2026-03-25,QR決済,830
QR-C051-0-14,C051,2026-03-27,QR決済,1070
CARD-C051-0-07,C051,2026-03-27,クレジットカード,5228
QR-C051-0-08,C051,2026-03-28,QR決済,2390
QR-C051-0-16,C051,2026-03-29,QR決済,2740
QR-C051-0-11,C051,2026-03-30,QR決済,1490
QR-C051-0-09,C051,2026-03-31,QR決済,2530
CARD-C051-0-00,C051,2026-04-02,クレジットカード,3380
QR-C051-0-06,C051,2026-04-03,QR決済,2310
CARD-C051-0-03,C051,2026-04-04,クレジットカード,3460
CARD-C051-0-04,C051,2026-04-04,クレジットカード,4420
CARD-C051-0-02,C051,2026-04-06,クレジットカード,9630
CARD-C051-0-05,C051,2026-04-06,クレジットカード,4090
QR-C051-0-15,C051,2026-04-07,QR決済,2680
QR-C051-0-10,C051,2026-04-08,QR決済,2100
CARD-C051-0-01,C051,2026-04-09,クレジットカード,5820
QR-C051-0-03,C051,2026-04-13,QR決済,970
QR-C051-0-18,C051,2026-04-13,QR決済,2410
QR-C051-0-13,C051,2026-04-14,QR決済,1030
QR-C051-0-00,C051,2026-04-16,QR決済,1000
CARD-C051-0-06,C051,2026-04-16,クレジットカード,7840
QR-C051-0-01,C051,2026-04-17,QR決済,1230
QR-C051-0-12,C051,2026-04-17,QR決済,1580
QR-C051-1-13,C051,2026-04-18,QR決済,2762
CARD-C051-1-02,C051,2026-04-19,クレジットカード,5450
QR-C051-1-00,C051,2026-04-21,QR決済,1390
QR-C051-1-08,C051,2026-04-22,QR決済,1790
QR-C051-1-03,C051,2026-05-01,QR決済,2520
QR-C051-1-02,C051,2026-05-02,QR決済,770
QR-C051-1-07,C051,2026-05-02,QR決済,1950
QR-C051-1-01,C051,2026-05-03,QR決済,2550
QR-C051-1-06,C051,2026-05-05,QR決済,1480
QR-C051-1-10,C051,2026-05-07,QR決済,730
QR-C051-1-12,C051,2026-05-08,QR決済,890
CARD-C051-1-03,C051,2026-05-11,クレジットカード,7180
QR-C051-1-11,C051,2026-05-13,QR決済,2570
QR-C051-1-04,C051,2026-05-15,QR決済,2600
QR-C051-1-09,C051,2026-05-15,QR決済,1030
CARD-C051-1-01,C051,2026-05-15,クレジットカード,3360
QR-C051-1-05,C051,2026-05-16,QR決済,790
CARD-C051-1-04,C051,2026-05-16,クレジットカード,6586
CARD-C051-1-00,C051,2026-05-17,クレジットカード,7890
CARD-C051-2-00,C051,2026-05-18,クレジットカード,5860
CARD-C051-2-03,C051,2026-05-19,クレジットカード,6780
QR-C051-2-09,C051,2026-05-20,QR決済,2020
QR-C051-2-01,C051,2026-05-22,QR決済,1500
QR-C051-2-04,C051,2026-05-22,QR決済,1850
QR-C051-2-06,C051,2026-05-22,QR決済,1770
CARD-C051-2-01,C051,2026-05-22,クレジットカード,4990
QR-C051-2-00,C051,2026-05-24,QR決済,1200
QR-C051-2-02,C051,2026-05-25,QR決済,2310
QR-C051-2-07,C051,2026-05-25,QR決済,1960
QR-C051-2-03,C051,2026-06-03,QR決済,860
CARD-C051-2-02,C051,2026-06-07,クレジットカード,5830
QR-C051-2-08,C051,2026-06-08,QR決済,1510
QR-C051-2-10,C051,2026-06-10,QR決済,2213
QR-C051-2-05,C051,2026-06-12,QR決済,1310
CARD-C051-3-00,C051,2026-06-17,クレジットカード,7900
CARD-C051-3-02,C051,2026-07-02,クレジットカード,4932
CARD-C051-3-01,C051,2026-07-05,クレジットカード,3860
CARD-C052-0-00,C052,2026-03-22,クレジットカード,4170
CARD-C052-0-02,C052,2026-03-27,クレジットカード,4910
CARD-C052-0-07,C052,2026-03-29,クレジットカード,4870
CARD-C052-0-08,C052,2026-03-29,クレジットカード,4502
CARD-C052-0-05,C052,2026-04-04,クレジットカード,4010
CARD-C052-0-03,C052,2026-04-08,クレジットカード,5870
CARD-C052-0-01,C052,2026-04-11,クレジットカード,3460
CARD-C052-0-04,C052,2026-04-12,クレジットカード,4650
CARD-C052-0-06,C052,2026-04-17,クレジットカード,2800
CARD-C052-1-04,C052,2026-04-18,クレジットカード,5420
CARD-C052-1-07,C052,2026-04-21,クレジットカード,5830
CARD-C052-1-06,C052,2026-04-22,クレジットカード,2110
CARD-C052-1-08,C052,2026-04-25,クレジットカード,5370
CARD-C052-1-01,C052,2026-04-29,クレジットカード,2550
CARD-C052-1-02,C052,2026-05-01,クレジットカード,3300
CARD-C052-1-09,C052,2026-05-02,クレジットカード,2902
CARD-C052-1-05,C052,2026-05-05,クレジットカード,3870
CARD-C052-1-03,C052,2026-05-08,クレジットカード,5910
CARD-C052-1-00,C052,2026-05-13,クレジットカード,6520
CARD-C052-2-07,C052,2026-05-22,クレジットカード,6770
CARD-C052-2-01,C052,2026-05-23,クレジットカード,2410
CARD-C052-2-06,C052,2026-05-24,クレジットカード,4710
CARD-C052-2-02,C052,2026-05-30,クレジットカード,5560
CARD-C052-2-00,C052,2026-06-03,クレジットカード,6190
CARD-C052-2-05,C052,2026-06-03,クレジットカード,4180
CARD-C052-2-03,C052,2026-06-13,クレジットカード,2440
CARD-C052-2-08,C052,2026-06-13,クレジットカード,6921
CARD-C052-2-04,C052,2026-06-15,クレジットカード,3620
CARD-C052-3-07,C052,2026-06-20,クレジットカード,4330
CARD-C052-3-04,C052,2026-06-22,クレジットカード,4300
CARD-C052-3-06,C052,2026-06-22,クレジットカード,4490
CARD-C052-3-09,C052,2026-06-22,クレジットカード,4337
CARD-C052-3-01,C052,2026-06-24,クレジットカード,5560
CARD-C052-3-05,C052,2026-06-28,クレジットカード,5580
CARD-C052-3-03,C052,2026-07-03,クレジットカード,5400
CARD-C052-3-00,C052,2026-07-04,クレジットカード,5080
CARD-C052-3-08,C052,2026-07-08,クレジットカード,1910
CARD-C052-3-02,C052,2026-07-09,クレジットカード,2670
QR-C053-0-10,C053,2026-03-20,QR決済,2140
QR-C053-0-09,C053,2026-03-21,QR決済,630
QR-C053-0-13,C053,2026-03-23,QR決済,1400
QR-C053-0-14,C053,2026-03-23,QR決済,1240
QR-C053-0-17,C053,2026-03-24,QR決済,1730
QR-C053-0-04,C053,2026-03-25,QR決済,1720
QR-C053-0-03,C053,2026-03-28,QR決済,2080
QR-C053-0-12,C053,2026-04-01,QR決済,1190
QR-C053-0-15,C053,2026-04-03,QR決済,1330
QR-C053-0-01,C053,2026-04-05,QR決済,1960
QR-C053-0-07,C053,2026-04-07,QR決済,1240
QR-C053-0-08,C053,2026-04-07,QR決済,880
QR-C053-0-02,C053,2026-04-09,QR決済,920
QR-C053-0-00,C053,2026-04-10,QR決済,1590
QR-C053-0-06,C053,2026-04-11,QR決済,2120
QR-C053-0-11,C053,2026-04-12,QR決済,1210
QR-C053-0-18,C053,2026-04-12,QR決済,1040
QR-C053-0-19,C053,2026-04-13,QR決済,660
QR-C053-0-16,C053,2026-04-14,QR決済,1080
QR-C053-0-05,C053,2026-04-17,QR決済,1440
QR-C053-1-05,C053,2026-04-18,QR決済,1460
QR-C053-1-07,C053,2026-04-21,QR決済,1080
QR-C053-1-11,C053,2026-04-21,QR決済,1160
QR-C053-1-00,C053,2026-04-22,QR決済,2060
QR-C053-1-02,C053,2026-04-26,QR決済,1140
QR-C053-1-09,C053,2026-04-27,QR決済,2020
QR-C053-1-04,C053,2026-04-28,QR決済,1190
QR-C053-1-15,C053,2026-05-03,QR決済,838
QR-C053-1-08,C053,2026-05-04,QR決済,880
QR-C053-1-10,C053,2026-05-04,QR決済,750
QR-C053-1-14,C053,2026-05-07,QR決済,1580
QR-C053-1-06,C053,2026-05-08,QR決済,920
QR-C053-1-13,C053,2026-05-08,QR決済,1450
QR-C053-1-01,C053,2026-05-09,QR決済,2070
QR-C053-1-03,C053,2026-05-12,QR決済,780
QR-C053-1-12,C053,2026-05-12,QR決済,1670
QR-C053-2-00,C053,2026-05-19,QR決済,800
QR-C053-2-05,C053,2026-05-21,QR決済,690
QR-C053-2-10,C053,2026-05-23,QR決済,1805
QR-C053-2-04,C053,2026-05-26,QR決済,1330
QR-C053-2-01,C053,2026-05-30,QR決済,1090
QR-C053-2-08,C053,2026-05-31,QR決済,1490
QR-C053-2-07,C053,2026-06-01,QR決済,1540
QR-C053-2-09,C053,2026-06-05,QR決済,1710
QR-C053-2-06,C053,2026-06-07,QR決済,1710
QR-C053-2-02,C053,2026-06-13,QR決済,1630
QR-C053-2-03,C053,2026-06-15,QR決済,1230
QR-C054-0-01,C054,2026-03-20,QR決済,2150
CARD-C054-0-03,C054,2026-03-20,クレジットカード,3650
QR-C054-0-03,C054,2026-03-22,QR決済,2290
QR-C054-0-06,C054,2026-03-27,QR決済,2800
QR-C054-0-10,C054,2026-03-27,QR決済,2530
QR-C054-0-12,C054,2026-03-27,QR決済,2460
CARD-C054-0-04,C054,2026-03-31,クレジットカード,3520
QR-C054-0-00,C054,2026-04-01,QR決済,2540
CARD-C054-0-02,C054,2026-04-04,クレジットカード,5980
CARD-C054-0-00,C054,2026-04-06,クレジットカード,3360
QR-C054-0-02,C054,2026-04-08,QR決済,2370
QR-C054-0-13,C054,2026-04-08,QR決済,2711
CARD-C054-0-07,C054,2026-04-08,クレジットカード,5420
QR-C054-0-08,C054,2026-04-11,QR決済,1960
QR-C054-0-09,C054,2026-04-11,QR決済,1460
CARD-C054-0-08,C054,2026-04-11,クレジットカード,5743
QR-C054-0-05,C054,2026-04-12,QR決済,920
CARD-C054-0-06,C054,2026-04-13,クレジットカード,3290
QR-C054-0-07,C054,2026-04-14,QR決済,1970
CARD-C054-0-05,C054,2026-04-14,クレジットカード,5210
QR-C054-0-04,C054,2026-04-15,QR決済,1170
CARD-C054-0-01,C054,2026-04-15,クレジットカード,4860
QR-C054-0-11,C054,2026-04-16,QR決済,2100
CARD-C054-1-03,C054,2026-04-18,クレジットカード,5270
QR-C054-1-02,C054,2026-04-21,QR決済,2900
QR-C054-1-01,C054,2026-04-26,QR決済,1870
CARD-C054-1-01,C054,2026-05-01,クレジットカード,5870
CARD-C054-1-05,C054,2026-05-02,クレジットカード,7490
QR-C054-1-06,C054,2026-05-03,QR決済,2820
QR-C054-1-07,C054,2026-05-05,QR決済,1430
QR-C054-1-08,C054,2026-05-07,QR決済,2050
QR-C054-1-00,C054,2026-05-09,QR決済,2080
QR-C054-1-05,C054,2026-05-10,QR決済,1080
CARD-C054-1-04,C054,2026-05-11,クレジットカード,2090
QR-C054-1-03,C054,2026-05-12,QR決済,3260
CARD-C054-1-02,C054,2026-05-13,クレジットカード,2100
QR-C054-1-04,C054,2026-05-14,QR決済,1030
QR-C054-1-09,C054,2026-05-14,QR決済,2297
CARD-C054-1-06,C054,2026-05-15,クレジットカード,2548
CARD-C054-1-00,C054,2026-05-17,クレジットカード,6510
CARD-C054-2-03,C054,2026-05-19,クレジットカード,3020
QR-C054-2-01,C054,2026-05-21,QR決済,2240
QR-C054-2-03,C054,2026-05-21,QR決済,2380
QR-C054-2-04,C054,2026-05-21,QR決済,890
QR-C054-2-06,C054,2026-05-25,QR決済,2785
CARD-C054-2-00,C054,2026-05-26,クレジットカード,5400
CARD-C054-2-04,C054,2026-05-28,クレジットカード,5732
CARD-C054-2-01,C054,2026-06-01,クレジットカード,3050
QR-C054-2-02,C054,2026-06-05,QR決済,2860
QR-C054-2-00,C054,2026-06-07,QR決済,2140
QR-C054-2-05,C054,2026-06-11,QR決済,1050
CARD-C054-2-02,C054,2026-06-12,クレジットカード,4480
CARD-C054-3-01,C054,2026-06-22,クレジットカード,7360
CARD-C054-3-02,C054,2026-06-23,クレジットカード,3315
CARD-C054-3-00,C054,2026-07-12,クレジットカード,4400
QR-C055-0-00,C055,2026-03-21,QR決済,2080
CARD-C055-0-05,C055,2026-03-21,クレジットカード,5660
CARD-C055-0-07,C055,2026-03-23,クレジットカード,3500
QR-C055-0-07,C055,2026-03-24,QR決済,1940
QR-C055-0-10,C055,2026-03-25,QR決済,2030
CARD-C055-0-01,C055,2026-03-26,クレジットカード,6540
QR-C055-0-11,C055,2026-03-27,QR決済,2650
QR-C055-0-03,C055,2026-03-29,QR決済,2500
CARD-C055-0-02,C055,2026-03-29,クレジットカード,5380
CARD-C055-0-08,C055,2026-03-29,クレジットカード,6148
QR-C055-0-15,C055,2026-03-30,QR決済,2904
CARD-C055-0-04,C055,2026-03-30,クレジットカード,6550
QR-C055-0-02,C055,2026-03-31,QR決済,2290
QR-C055-0-09,C055,2026-03-31,QR決済,1590
QR-C055-0-05,C055,2026-04-03,QR決済,2590
QR-C055-0-14,C055,2026-04-03,QR決済,1490
CARD-C055-0-03,C055,2026-04-05,クレジットカード,5180
QR-C055-0-04,C055,2026-04-07,QR決済,2530
QR-C055-0-01,C055,2026-04-08,QR決済,2790
QR-C055-0-06,C055,2026-04-08,QR決済,1180
QR-C055-0-13,C055,2026-04-10,QR決済,1510
CARD-C055-0-06,C055,2026-04-10,クレジットカード,2970
QR-C055-0-08,C055,2026-04-12,QR決済,980
QR-C055-0-12,C055,2026-04-15,QR決済,3020
CARD-C055-0-00,C055,2026-04-17,クレジットカード,6090
QR-C055-1-00,C055,2026-04-20,QR決済,2180
QR-C055-1-02,C055,2026-04-20,QR決済,2260
QR-C055-1-03,C055,2026-04-20,QR決済,1600
CARD-C055-1-03,C055,2026-04-21,クレジットカード,4670
QR-C055-1-12,C055,2026-04-22,QR決済,1670
QR-C055-1-01,C055,2026-04-24,QR決済,2510
CARD-C055-1-07,C055,2026-04-25,クレジットカード,4502
QR-C055-1-11,C055,2026-04-26,QR決済,2910
CARD-C055-1-02,C055,2026-04-28,クレジットカード,3110
QR-C055-1-09,C055,2026-04-30,QR決済,3180
CARD-C055-1-00,C055,2026-05-03,クレジットカード,6400
CARD-C055-1-01,C055,2026-05-05,クレジットカード,7070
QR-C055-1-05,C055,2026-05-07,QR決済,1140
CARD-C055-1-06,C055,2026-05-07,クレジットカード,5990
QR-C055-1-08,C055,2026-05-09,QR決済,2730
QR-C055-1-04,C055,2026-05-10,QR決済,1630
QR-C055-1-13,C055,2026-05-10,QR決済,3113
CARD-C055-1-04,C055,2026-05-13,クレジットカード,2480
CARD-C055-1-05,C055,2026-05-14,クレジットカード,7050
QR-C055-1-10,C055,2026-05-15,QR決済,2050
QR-C055-1-07,C055,2026-05-16,QR決済,2100
QR-C055-1-06,C055,2026-05-17,QR決済,1700
QR-C055-2-07,C055,2026-05-18,QR決済,2830
QR-C055-2-01,C055,2026-05-19,QR決済,1720
CARD-C055-2-00,C055,2026-05-19,クレジットカード,5560
QR-C055-2-04,C055,2026-05-22,QR決済,2940
QR-C055-2-02,C055,2026-05-25,QR決済,1170
QR-C055-2-09,C055,2026-05-25,QR決済,3260
QR-C055-2-06,C055,2026-05-26,QR決済,3020
CARD-C055-2-06,C055,2026-05-31,クレジットカード,4786
CARD-C055-2-01,C055,2026-06-01,クレジットカード,5550
CARD-C055-2-03,C055,2026-06-01,クレジットカード,4690
QR-C055-2-08,C055,2026-06-02,QR決済,2370
CARD-C055-2-04,C055,2026-06-02,クレジットカード,6960
QR-C055-2-03,C055,2026-06-04,QR決済,1800
CARD-C055-2-05,C055,2026-06-05,クレジットカード,4220
CARD-C055-2-02,C055,2026-06-06,クレジットカード,5170
QR-C055-2-05,C055,2026-06-08,QR決済,2670
QR-C055-2-11,C055,2026-06-09,QR決済,1393
QR-C055-2-00,C055,2026-06-13,QR決済,1680
QR-C055-2-10,C055,2026-06-13,QR決済,1640
CARD-C055-3-04,C055,2026-06-19,クレジットカード,6290
CARD-C055-3-03,C055,2026-06-21,クレジットカード,5000
QR-C055-3-04,C055,2026-06-22,QR決済,1520
QR-C055-3-02,C055,2026-06-23,QR決済,1550
QR-C055-3-08,C055,2026-06-29,QR決済,2620
QR-C055-3-03,C055,2026-06-30,QR決済,2720
CARD-C055-3-00,C055,2026-07-02,クレジットカード,2540
QR-C055-3-06,C055,2026-07-03,QR決済,1600
QR-C055-3-00,C055,2026-07-04,QR決済,3650
QR-C055-3-01,C055,2026-07-05,QR決済,1600
QR-C055-3-07,C055,2026-07-05,QR決済,980
QR-C055-3-10,C055,2026-07-05,QR決済,2077
QR-C055-3-09,C055,2026-07-07,QR決済,3250
CARD-C055-3-05,C055,2026-07-08,クレジットカード,7856
CARD-C055-3-02,C055,2026-07-09,クレジットカード,2270
QR-C055-3-05,C055,2026-07-14,QR決済,960
CARD-C055-3-01,C055,2026-07-14,クレジットカード,8490
QR-C056-0-21,C056,2026-03-19,QR決済,1700
CARD-C056-0-09,C056,2026-03-19,クレジットカード,4604
QR-C056-0-05,C056,2026-03-21,QR決済,670
QR-C056-0-07,C056,2026-03-21,QR決済,1410
CARD-C056-0-07,C056,2026-03-21,クレジットカード,3140
QR-C056-0-03,C056,2026-03-22,QR決済,1080
QR-C056-0-11,C056,2026-03-24,QR決済,1840
QR-C056-0-18,C056,2026-03-24,QR決済,1370
QR-C056-0-20,C056,2026-03-24,QR決済,2430
QR-C056-0-13,C056,2026-03-25,QR決済,1910
CARD-C056-0-00,C056,2026-03-25,クレジットカード,5860
QR-C056-0-14,C056,2026-03-26,QR決済,1180
CARD-C056-0-01,C056,2026-03-28,クレジットカード,3850
QR-C056-0-01,C056,2026-03-30,QR決済,2380
CARD-C056-0-04,C056,2026-03-31,クレジットカード,5090
CARD-C056-0-06,C056,2026-03-31,クレジットカード,5170
QR-C056-0-09,C056,2026-04-01,QR決済,860
CARD-C056-0-03,C056,2026-04-01,クレジットカード,5340
CARD-C056-0-05,C056,2026-04-01,クレジットカード,4280
QR-C056-0-24,C056,2026-04-03,QR決済,742
CARD-C056-0-08,C056,2026-04-03,クレジットカード,3840
QR-C056-0-08,C056,2026-04-04,QR決済,2030
QR-C056-0-02,C056,2026-04-06,QR決済,1130
QR-C056-0-06,C056,2026-04-07,QR決済,1720
QR-C056-0-15,C056,2026-04-07,QR決済,1050
QR-C056-0-22,C056,2026-04-08,QR決済,2210
CARD-C056-0-02,C056,2026-04-08,クレジットカード,5060
QR-C056-0-10,C056,2026-04-11,QR決済,1350
QR-C056-0-12,C056,2026-04-11,QR決済,1190
QR-C056-0-00,C056,2026-04-12,QR決済,1270
QR-C056-0-04,C056,2026-04-12,QR決済,2280
QR-C056-0-16,C056,2026-04-12,QR決済,2090
QR-C056-0-17,C056,2026-04-12,QR決済,1560
QR-C056-0-19,C056,2026-04-14,QR決済,2030
QR-C056-0-23,C056,2026-04-17,QR決済,2410
QR-C056-1-03,C056,2026-04-18,QR決済,1630
QR-C056-1-13,C056,2026-04-18,QR決済,1690
QR-C056-1-15,C056,2026-04-18,QR決済,940
QR-C056-1-16,C056,2026-04-18,QR決済,1320
QR-C056-1-20,C056,2026-04-18,QR決済,920
QR-C056-1-06,C056,2026-04-19,QR決済,2520
QR-C056-1-08,C056,2026-04-19,QR決済,1790
CARD-C056-1-01,C056,2026-04-19,クレジットカード,3810
CARD-C056-1-03,C056,2026-04-20,クレジットカード,4210
QR-C056-1-00,C056,2026-04-21,QR決済,2350
QR-C056-1-11,C056,2026-04-21,QR決済,1430
QR-C056-1-12,C056,2026-04-23,QR決済,1130
CARD-C056-1-02,C056,2026-04-24,クレジットカード,4760
QR-C056-1-02,C056,2026-04-26,QR決済,950
QR-C056-1-19,C056,2026-04-27,QR決済,2170
CARD-C056-1-04,C056,2026-04-27,クレジットカード,4840
QR-C056-1-17,C056,2026-04-28,QR決済,1180
QR-C056-1-10,C056,2026-04-29,QR決済,1140
QR-C056-1-18,C056,2026-04-30,QR決済,1520
QR-C056-1-01,C056,2026-05-04,QR決済,1470
QR-C056-1-14,C056,2026-05-04,QR決済,1300
QR-C056-1-07,C056,2026-05-05,QR決済,1580
CARD-C056-1-06,C056,2026-05-06,クレジットカード,3610
QR-C056-1-05,C056,2026-05-07,QR決済,2260
QR-C056-1-09,C056,2026-05-09,QR決済,2620
CARD-C056-1-07,C056,2026-05-11,クレジットカード,5920
QR-C056-1-21,C056,2026-05-13,QR決済,1739
CARD-C056-1-00,C056,2026-05-14,クレジットカード,4800
QR-C056-1-04,C056,2026-05-16,QR決済,2290
CARD-C056-1-05,C056,2026-05-16,クレジットカード,6520
CARD-C056-1-08,C056,2026-05-16,クレジットカード,2271
QR-C056-2-00,C056,2026-05-19,QR決済,2230
CARD-C056-2-02,C056,2026-05-19,クレジットカード,4640
QR-C056-2-05,C056,2026-05-21,QR決済,1710
QR-C056-2-11,C056,2026-05-21,QR決済,1680
QR-C056-2-19,C056,2026-05-21,QR決済,632
QR-C056-2-14,C056,2026-05-23,QR決済,1870
QR-C056-2-17,C056,2026-05-23,QR決済,870
QR-C056-2-08,C056,2026-05-27,QR決済,1220
QR-C056-2-10,C056,2026-05-27,QR決済,2240
QR-C056-2-12,C056,2026-05-29,QR決済,1630
CARD-C056-2-00,C056,2026-05-29,クレジットカード,6490
QR-C056-2-16,C056,2026-06-03,QR決済,920
QR-C056-2-02,C056,2026-06-04,QR決済,2140
CARD-C056-2-01,C056,2026-06-04,クレジットカード,3640
QR-C056-2-15,C056,2026-06-05,QR決済,2180
QR-C056-2-13,C056,2026-06-08,QR決済,2200
CARD-C056-2-05,C056,2026-06-08,クレジットカード,9330
QR-C056-2-04,C056,2026-06-12,QR決済,940
QR-C056-2-06,C056,2026-06-12,QR決済,930
CARD-C056-2-03,C056,2026-06-13,クレジットカード,2740
CARD-C056-2-04,C056,2026-06-13,クレジットカード,2590
CARD-C056-2-06,C056,2026-06-14,クレジットカード,5153
QR-C056-2-03,C056,2026-06-15,QR決済,2320
QR-C056-2-18,C056,2026-06-15,QR決済,2070
QR-C056-2-01,C056,2026-06-16,QR決済,1610
QR-C056-2-07,C056,2026-06-16,QR決済,990
QR-C056-2-09,C056,2026-06-16,QR決済,2170
QR-C056-3-01,C056,2026-06-18,QR決済,1720
QR-C056-3-16,C056,2026-06-19,QR決済,1372
QR-C056-3-13,C056,2026-06-20,QR決済,1050
CARD-C056-3-01,C056,2026-06-20,クレジットカード,4890
CARD-C056-3-03,C056,2026-06-22,クレジットカード,4890
CARD-C056-3-00,C056,2026-06-23,クレジットカード,4460
CARD-C056-3-05,C056,2026-06-24,クレジットカード,2192
QR-C056-3-00,C056,2026-06-28,QR決済,1520
CARD-C056-3-02,C056,2026-07-01,クレジットカード,6870
QR-C056-3-04,C056,2026-07-02,QR決済,2330
QR-C056-3-15,C056,2026-07-03,QR決済,960
QR-C056-3-12,C056,2026-07-05,QR決済,1280
QR-C056-3-08,C056,2026-07-08,QR決済,1430
QR-C056-3-09,C056,2026-07-09,QR決済,820
QR-C056-3-10,C056,2026-07-11,QR決済,1630
QR-C056-3-05,C056,2026-07-12,QR決済,2310
QR-C056-3-06,C056,2026-07-13,QR決済,1620
QR-C056-3-11,C056,2026-07-13,QR決済,1230
QR-C056-3-14,C056,2026-07-14,QR決済,2110
CARD-C056-3-04,C056,2026-07-15,クレジットカード,5890
QR-C056-3-02,C056,2026-07-16,QR決済,2440
QR-C056-3-03,C056,2026-07-16,QR決済,2300
QR-C056-3-07,C056,2026-07-16,QR決済,1320
QR-C058-0-00,C058,2026-03-20,QR決済,2510
CARD-C058-0-01,C058,2026-03-21,クレジットカード,6880
CARD-C058-0-05,C058,2026-03-21,クレジットカード,7120
QR-C058-0-01,C058,2026-03-23,QR決済,970
QR-C058-0-02,C058,2026-03-23,QR決済,1290
CARD-C058-0-00,C058,2026-03-24,クレジットカード,6530
QR-C058-0-18,C058,2026-03-25,QR決済,2799
QR-C058-0-04,C058,2026-03-26,QR決済,2340
CARD-C058-0-06,C058,2026-03-26,クレジットカード,4300
QR-C058-0-07,C058,2026-03-27,QR決済,1290
QR-C058-0-17,C058,2026-03-28,QR決済,1690
CARD-C058-0-09,C058,2026-03-30,クレジットカード,6257
QR-C058-0-10,C058,2026-04-01,QR決済,810
CARD-C058-0-07,C058,2026-04-01,クレジットカード,2370
QR-C058-0-12,C058,2026-04-06,QR決済,2750
QR-C058-0-03,C058,2026-04-07,QR決済,1300
QR-C058-0-05,C058,2026-04-07,QR決済,840
CARD-C058-0-08,C058,2026-04-07,クレジットカード,3010
QR-C058-0-16,C058,2026-04-08,QR決済,2780
QR-C058-0-06,C058,2026-04-09,QR決済,3010
QR-C058-0-11,C058,2026-04-09,QR決済,1380
QR-C058-0-13,C058,2026-04-10,QR決済,2790
CARD-C058-0-03,C058,2026-04-10,クレジットカード,4460
CARD-C058-0-02,C058,2026-04-12,クレジットカード,4760
CARD-C058-0-04,C058,2026-04-13,クレジットカード,2470
QR-C058-0-14,C058,2026-04-15,QR決済,3160
QR-C058-0-08,C058,2026-04-16,QR決済,2450
QR-C058-0-15,C058,2026-04-16,QR決済,3170
QR-C058-0-09,C058,2026-04-17,QR決済,3020
CARD-C058-1-03,C058,2026-04-18,クレジットカード,2340
QR-C058-1-00,C058,2026-04-19,QR決済,3260
CARD-C058-1-01,C058,2026-04-19,クレジットカード,2980
QR-C058-1-08,C058,2026-04-20,QR決済,1340
QR-C058-1-10,C058,2026-04-21,QR決済,1500
QR-C058-1-11,C058,2026-04-21,QR決済,880
QR-C058-1-04,C058,2026-04-22,QR決済,880
CARD-C058-1-04,C058,2026-04-22,クレジットカード,7920
QR-C058-1-12,C058,2026-04-23,QR決済,2628
QR-C058-1-07,C058,2026-04-25,QR決済,3010
CARD-C058-1-07,C058,2026-04-26,クレジットカード,3393
CARD-C058-1-00,C058,2026-04-28,クレジットカード,4820
CARD-C058-1-05,C058,2026-04-28,クレジットカード,6880
QR-C058-1-03,C058,2026-05-02,QR決済,1900
CARD-C058-1-02,C058,2026-05-06,クレジットカード,5820
QR-C058-1-09,C058,2026-05-08,QR決済,2850
QR-C058-1-05,C058,2026-05-09,QR決済,2960
QR-C058-1-01,C058,2026-05-10,QR決済,2530
QR-C058-1-06,C058,2026-05-10,QR決済,1820
QR-C058-1-02,C058,2026-05-12,QR決済,3190
CARD-C058-1-06,C058,2026-05-15,クレジットカード,3270
CARD-C058-2-02,C058,2026-05-20,クレジットカード,3230
QR-C058-2-04,C058,2026-05-21,QR決済,2960
QR-C058-2-06,C058,2026-05-21,QR決済,2350
CARD-C058-2-04,C058,2026-05-23,クレジットカード,4380
CARD-C058-2-03,C058,2026-05-25,クレジットカード,5910
QR-C058-2-03,C058,2026-05-26,QR決済,1530
QR-C058-2-00,C058,2026-05-27,QR決済,2860
CARD-C058-2-00,C058,2026-05-27,クレジットカード,7580
QR-C058-2-07,C058,2026-05-30,QR決済,2930
CARD-C058-2-01,C058,2026-06-03,クレジットカード,4130
QR-C058-2-02,C058,2026-06-05,QR決済,1200
CARD-C058-2-05,C058,2026-06-07,クレジットカード,2937
QR-C058-2-05,C058,2026-06-11,QR決済,1370
QR-C058-2-08,C058,2026-06-13,QR決済,1700
QR-C058-2-01,C058,2026-06-14,QR決済,1910
QR-C058-2-09,C058,2026-06-15,QR決済,2014
CARD-C058-3-00,C058,2026-06-19,クレジットカード,2990
CARD-C058-3-02,C058,2026-06-24,クレジットカード,4380
CARD-C058-3-03,C058,2026-07-06,クレジットカード,6831
CARD-C058-3-01,C058,2026-07-13,クレジットカード,5620
QR-C059-0-03,C059,2026-03-19,QR決済,2670
QR-C059-0-02,C059,2026-03-21,QR決済,980
QR-C059-0-19,C059,2026-03-26,QR決済,930
QR-C059-0-12,C059,2026-03-28,QR決済,980
CARD-C059-0-02,C059,2026-03-28,クレジットカード,5960
QR-C059-0-11,C059,2026-03-31,QR決済,1450
QR-C059-0-15,C059,2026-03-31,QR決済,1470
QR-C059-0-16,C059,2026-04-02,QR決済,1850
CARD-C059-0-01,C059,2026-04-02,クレジットカード,8820
QR-C059-0-07,C059,2026-04-03,QR決済,1790
QR-C059-0-21,C059,2026-04-03,QR決済,1990
QR-C059-0-01,C059,2026-04-05,QR決済,1830
QR-C059-0-00,C059,2026-04-06,QR決済,1780
QR-C059-0-09,C059,2026-04-06,QR決済,1040
QR-C059-0-14,C059,2026-04-07,QR決済,1170
QR-C059-0-04,C059,2026-04-08,QR決済,800
QR-C059-0-10,C059,2026-04-08,QR決済,2610
CARD-C059-0-00,C059,2026-04-08,クレジットカード,7090
QR-C059-0-13,C059,2026-04-09,QR決済,900
QR-C059-0-20,C059,2026-04-09,QR決済,1150
QR-C059-0-18,C059,2026-04-11,QR決済,2270
CARD-C059-0-05,C059,2026-04-12,クレジットカード,3820
QR-C059-0-05,C059,2026-04-14,QR決済,2100
CARD-C059-0-04,C059,2026-04-14,クレジットカード,4400
CARD-C059-0-06,C059,2026-04-15,クレジットカード,3538
CARD-C059-0-03,C059,2026-04-16,クレジットカード,7860
QR-C059-0-06,C059,2026-04-17,QR決済,1530
QR-C059-0-08,C059,2026-04-17,QR決済,1960
QR-C059-0-17,C059,2026-04-17,QR決済,2360
QR-C059-1-03,C059,2026-04-19,QR決済,1480
QR-C059-1-02,C059,2026-04-22,QR決済,2490
QR-C059-1-12,C059,2026-04-22,QR決済,2510
CARD-C059-1-04,C059,2026-04-23,クレジットカード,4468
QR-C059-1-10,C059,2026-04-25,QR決済,960
QR-C059-1-01,C059,2026-04-27,QR決済,1280
QR-C059-1-15,C059,2026-04-29,QR決済,639
QR-C059-1-11,C059,2026-04-30,QR決済,2450
CARD-C059-1-00,C059,2026-04-30,クレジットカード,8760
QR-C059-1-05,C059,2026-05-01,QR決済,920
CARD-C059-1-03,C059,2026-05-01,クレジットカード,8100
QR-C059-1-04,C059,2026-05-02,QR決済,2360
CARD-C059-1-02,C059,2026-05-04,クレジットカード,5040
QR-C059-1-08,C059,2026-05-05,QR決済,900
QR-C059-1-14,C059,2026-05-08,QR決済,1320
QR-C059-1-06,C059,2026-05-10,QR決済,1640
QR-C059-1-00,C059,2026-05-13,QR決済,1780
QR-C059-1-13,C059,2026-05-14,QR決済,2290
QR-C059-1-09,C059,2026-05-15,QR決済,1830
QR-C059-1-07,C059,2026-05-16,QR決済,1310
CARD-C059-1-01,C059,2026-05-17,クレジットカード,3520
CARD-C059-2-00,C059,2026-05-23,クレジットカード,8580
QR-C059-2-01,C059,2026-05-24,QR決済,1520
QR-C059-2-03,C059,2026-05-24,QR決済,1630
CARD-C059-2-01,C059,2026-05-26,クレジットカード,2400
QR-C059-2-09,C059,2026-05-29,QR決済,960
QR-C059-2-11,C059,2026-06-01,QR決済,1181
QR-C059-2-02,C059,2026-06-05,QR決済,2500
QR-C059-2-08,C059,2026-06-06,QR決済,2050
QR-C059-2-06,C059,2026-06-08,QR決済,1640
CARD-C059-2-03,C059,2026-06-08,クレジットカード,6063
QR-C059-2-00,C059,2026-06-09,QR決済,1110
QR-C059-2-05,C059,2026-06-10,QR決済,2640
CARD-C059-2-02,C059,2026-06-10,クレジットカード,3630
QR-C059-2-07,C059,2026-06-12,QR決済,1380
QR-C059-2-04,C059,2026-06-14,QR決済,1610
QR-C059-2-10,C059,2026-06-15,QR決済,1770
CARD-C059-3-02,C059,2026-06-23,クレジットカード,5483
CARD-C059-3-00,C059,2026-07-12,クレジットカード,6680
CARD-C059-3-01,C059,2026-07-12,クレジットカード,3640
QR-C060-0-17,C060,2026-03-19,QR決済,460
QR-C060-0-29,C060,2026-03-19,QR決済,560
QR-C060-0-08,C060,2026-03-20,QR決済,950
QR-C060-0-36,C060,2026-03-21,QR決済,1370
QR-C060-0-39,C060,2026-03-21,QR決済,1060
QR-C060-0-01,C060,2026-03-22,QR決済,710
QR-C060-0-06,C060,2026-03-22,QR決済,1040
QR-C060-0-03,C060,2026-03-23,QR決済,1180
QR-C060-0-09,C060,2026-03-23,QR決済,1060
QR-C060-0-41,C060,2026-03-23,QR決済,670
CARD-C060-0-01,C060,2026-03-23,クレジットカード,3480
CARD-C060-0-10,C060,2026-03-23,クレジットカード,2250
QR-C060-0-15,C060,2026-03-24,QR決済,1320
QR-C060-0-26,C060,2026-03-24,QR決済,1360
QR-C060-0-40,C060,2026-03-24,QR決済,1130
QR-C060-0-00,C060,2026-03-26,QR決済,530
CARD-C060-0-03,C060,2026-03-28,クレジットカード,1590
QR-C060-0-35,C060,2026-03-29,QR決済,500
CARD-C060-0-04,C060,2026-03-29,クレジットカード,2850
QR-C060-0-21,C060,2026-03-30,QR決済,1420
QR-C060-0-33,C060,2026-03-30,QR決済,1330
QR-C060-0-38,C060,2026-03-30,QR決済,980
CARD-C060-0-06,C060,2026-03-30,クレジットカード,1840
CARD-C060-0-11,C060,2026-03-30,クレジットカード,2150
QR-C060-0-11,C060,2026-03-31,QR決済,470
QR-C060-0-13,C060,2026-03-31,QR決済,390
QR-C060-0-05,C060,2026-04-02,QR決済,900
QR-C060-0-23,C060,2026-04-02,QR決済,440
QR-C060-0-27,C060,2026-04-02,QR決済,860
QR-C060-0-12,C060,2026-04-03,QR決済,440
QR-C060-0-14,C060,2026-04-03,QR決済,1380
QR-C060-0-30,C060,2026-04-03,QR決済,700
CARD-C060-0-13,C060,2026-04-03,クレジットカード,3158
CARD-C060-0-02,C060,2026-04-04,クレジットカード,3150
QR-C060-0-18,C060,2026-04-06,QR決済,1390
QR-C060-0-24,C060,2026-04-06,QR決済,1050
QR-C060-0-25,C060,2026-04-06,QR決済,710
QR-C060-0-32,C060,2026-04-06,QR決済,540
CARD-C060-0-12,C060,2026-04-06,クレジットカード,3180
QR-C060-0-42,C060,2026-04-07,QR決済,1273
CARD-C060-0-00,C060,2026-04-07,クレジットカード,4300
QR-C060-0-02,C060,2026-04-09,QR決済,640
QR-C060-0-31,C060,2026-04-09,QR決済,1250
QR-C060-0-19,C060,2026-04-10,QR決済,760
CARD-C060-0-08,C060,2026-04-10,クレジットカード,4320
CARD-C060-0-05,C060,2026-04-11,クレジットカード,2770
QR-C060-0-07,C060,2026-04-12,QR決済,1200
QR-C060-0-16,C060,2026-04-12,QR決済,730
CARD-C060-0-07,C060,2026-04-13,クレジットカード,2760
QR-C060-0-20,C060,2026-04-14,QR決済,1180
CARD-C060-0-09,C060,2026-04-15,クレジットカード,3230
QR-C060-0-10,C060,2026-04-16,QR決済,400
QR-C060-0-28,C060,2026-04-16,QR決済,740
QR-C060-0-34,C060,2026-04-16,QR決済,550
QR-C060-0-37,C060,2026-04-16,QR決済,820
QR-C060-0-04,C060,2026-04-17,QR決済,1200
QR-C060-0-22,C060,2026-04-17,QR決済,700
QR-C060-1-37,C060,2026-04-18,QR決済,1040
QR-C060-1-23,C060,2026-04-20,QR決済,1350
QR-C060-1-28,C060,2026-04-20,QR決済,830
QR-C060-1-36,C060,2026-04-21,QR決済,1420
QR-C060-1-42,C060,2026-04-21,QR決済,770
QR-C060-1-14,C060,2026-04-22,QR決済,1330
QR-C060-1-39,C060,2026-04-22,QR決済,380
CARD-C060-1-02,C060,2026-04-22,クレジットカード,2610
QR-C060-1-19,C060,2026-04-24,QR決済,670
CARD-C060-1-00,C060,2026-04-24,クレジットカード,1380
QR-C060-1-43,C060,2026-04-25,QR決済,386
CARD-C060-1-08,C060,2026-04-25,クレジットカード,4340
CARD-C060-1-12,C060,2026-04-25,クレジットカード,3170
QR-C060-1-01,C060,2026-04-26,QR決済,790
QR-C060-1-17,C060,2026-04-26,QR決済,1290
QR-C060-1-22,C060,2026-04-26,QR決済,890
QR-C060-1-21,C060,2026-04-27,QR決済,1360
QR-C060-1-04,C060,2026-04-28,QR決済,1220
QR-C060-1-13,C060,2026-04-28,QR決済,380
QR-C060-1-32,C060,2026-04-28,QR決済,860
CARD-C060-1-03,C060,2026-04-28,クレジットカード,1890
QR-C060-1-05,C060,2026-04-29,QR決済,1090
QR-C060-1-15,C060,2026-04-29,QR決済,820
QR-C060-1-03,C060,2026-04-30,QR決済,1440
QR-C060-1-10,C060,2026-05-01,QR決済,450
QR-C060-1-11,C060,2026-05-01,QR決済,1020
QR-C060-1-25,C060,2026-05-02,QR決済,620
QR-C060-1-20,C060,2026-05-03,QR決済,930
QR-C060-1-07,C060,2026-05-04,QR決済,710
QR-C060-1-34,C060,2026-05-04,QR決済,960
QR-C060-1-18,C060,2026-05-05,QR決済,570
CARD-C060-1-06,C060,2026-05-06,クレジットカード,4190
CARD-C060-1-10,C060,2026-05-06,クレジットカード,3900
CARD-C060-1-11,C060,2026-05-07,クレジットカード,3090
CARD-C060-1-05,C060,2026-05-08,クレジットカード,1970
QR-C060-1-00,C060,2026-05-09,QR決済,690
QR-C060-1-27,C060,2026-05-09,QR決済,850
QR-C060-1-30,C060,2026-05-09,QR決済,1180
QR-C060-1-02,C060,2026-05-10,QR決済,520
QR-C060-1-12,C060,2026-05-10,QR決済,1230
CARD-C060-1-09,C060,2026-05-10,クレジットカード,4540
QR-C060-1-16,C060,2026-05-11,QR決済,550
QR-C060-1-41,C060,2026-05-12,QR決済,1340
QR-C060-1-06,C060,2026-05-13,QR決済,1410
QR-C060-1-09,C060,2026-05-13,QR決済,1390
QR-C060-1-29,C060,2026-05-13,QR決済,410
QR-C060-1-38,C060,2026-05-13,QR決済,1160
QR-C060-1-40,C060,2026-05-13,QR決済,780
CARD-C060-1-04,C060,2026-05-13,クレジットカード,2290
CARD-C060-1-13,C060,2026-05-14,クレジットカード,2313
QR-C060-1-08,C060,2026-05-15,QR決済,1130
QR-C060-1-33,C060,2026-05-15,QR決済,450
QR-C060-1-35,C060,2026-05-16,QR決済,500
CARD-C060-1-01,C060,2026-05-16,クレジットカード,2710
QR-C060-1-24,C060,2026-05-17,QR決済,420
QR-C060-1-26,C060,2026-05-17,QR決済,690
QR-C060-1-31,C060,2026-05-17,QR決済,1190
CARD-C060-1-07,C060,2026-05-17,クレジットカード,2250
QR-C060-2-33,C060,2026-05-18,QR決済,640
QR-C060-2-42,C060,2026-05-19,QR決済,410
CARD-C060-2-12,C060,2026-05-19,クレジットカード,4510
QR-C060-2-07,C060,2026-05-20,QR決済,420
QR-C060-2-41,C060,2026-05-20,QR決済,630
QR-C060-2-43,C060,2026-05-20,QR決済,620
QR-C060-2-04,C060,2026-05-21,QR決済,1350
CARD-C060-2-08,C060,2026-05-22,クレジットカード,1450
QR-C060-2-09,C060,2026-05-23,QR決済,1460
QR-C060-2-14,C060,2026-05-23,QR決済,960
QR-C060-2-40,C060,2026-05-23,QR決済,480
QR-C060-2-02,C060,2026-05-24,QR決済,590
QR-C060-2-08,C060,2026-05-24,QR決済,1380
QR-C060-2-25,C060,2026-05-24,QR決済,410
CARD-C060-2-03,C060,2026-05-24,クレジットカード,1230
QR-C060-2-13,C060,2026-05-25,QR決済,1460
QR-C060-2-31,C060,2026-05-25,QR決済,1050
QR-C060-2-27,C060,2026-05-26,QR決済,690
QR-C060-2-37,C060,2026-05-26,QR決済,750
CARD-C060-2-06,C060,2026-05-26,クレジットカード,3780
QR-C060-2-19,C060,2026-05-27,QR決済,1260
QR-C060-2-24,C060,2026-05-27,QR決済,1560
QR-C060-2-38,C060,2026-05-27,QR決済,1220
QR-C060-2-11,C060,2026-05-28,QR決済,590
QR-C060-2-29,C060,2026-05-29,QR決済,500
QR-C060-2-45,C060,2026-05-29,QR決済,582
CARD-C060-2-09,C060,2026-05-29,クレジットカード,2880
QR-C060-2-15,C060,2026-05-30,QR決済,1460
CARD-C060-2-01,C060,2026-05-30,クレジットカード,2870
QR-C060-2-21,C060,2026-05-31,QR決済,1310
QR-C060-2-26,C060,2026-05-31,QR決済,1360
CARD-C060-2-00,C060,2026-06-01,クレジットカード,4030
QR-C060-2-44,C060,2026-06-02,QR決済,640
CARD-C060-2-13,C060,2026-06-02,クレジットカード,2089
QR-C060-2-22,C060,2026-06-03,QR決済,500
QR-C060-2-32,C060,2026-06-03,QR決済,980
QR-C060-2-00,C060,2026-06-04,QR決済,490
QR-C060-2-01,C060,2026-06-05,QR決済,860
QR-C060-2-18,C060,2026-06-05,QR決済,550
QR-C060-2-20,C060,2026-06-06,QR決済,650
QR-C060-2-16,C060,2026-06-07,QR決済,1360
QR-C060-2-23,C060,2026-06-07,QR決済,510
QR-C060-2-34,C060,2026-06-07,QR決済,1600
QR-C060-2-36,C060,2026-06-08,QR決済,630
QR-C060-2-03,C060,2026-06-09,QR決済,1370
QR-C060-2-05,C060,2026-06-09,QR決済,1450
CARD-C060-2-07,C060,2026-06-09,クレジットカード,3340
QR-C060-2-30,C060,2026-06-10,QR決済,790
QR-C060-2-06,C060,2026-06-11,QR決済,420
QR-C060-2-12,C060,2026-06-11,QR決済,1160
QR-C060-2-39,C060,2026-06-11,QR決済,1450
CARD-C060-2-02,C060,2026-06-11,クレジットカード,2800
CARD-C060-2-05,C060,2026-06-11,クレジットカード,1500
CARD-C060-2-11,C060,2026-06-11,クレジットカード,4280
CARD-C060-2-04,C060,2026-06-12,クレジットカード,2950
QR-C060-2-17,C060,2026-06-13,QR決済,530
QR-C060-2-28,C060,2026-06-13,QR決済,460
QR-C060-2-10,C060,2026-06-14,QR決済,1150
CARD-C060-2-10,C060,2026-06-14,クレジットカード,3270
QR-C060-2-35,C060,2026-06-15,QR決済,1140
QR-C060-3-01,C060,2026-06-17,QR決済,380
QR-C060-3-13,C060,2026-06-17,QR決済,910
QR-C060-3-20,C060,2026-06-17,QR決済,680
QR-C060-3-41,C060,2026-06-18,QR決済,1090
CARD-C060-3-03,C060,2026-06-18,クレジットカード,3610
QR-C060-3-44,C060,2026-06-19,QR決済,484
QR-C060-3-12,C060,2026-06-20,QR決済,1000
QR-C060-3-43,C060,2026-06-20,QR決済,1170
CARD-C060-3-00,C060,2026-06-20,クレジットカード,1810
QR-C060-3-08,C060,2026-06-21,QR決済,980
QR-C060-3-16,C060,2026-06-21,QR決済,1030
QR-C060-3-07,C060,2026-06-22,QR決済,1270
QR-C060-3-10,C060,2026-06-22,QR決済,1070
QR-C060-3-23,C060,2026-06-22,QR決済,850
QR-C060-3-38,C060,2026-06-22,QR決済,700
QR-C060-3-11,C060,2026-06-23,QR決済,1210
QR-C060-3-19,C060,2026-06-23,QR決済,1110
QR-C060-3-30,C060,2026-06-23,QR決済,640
CARD-C060-3-06,C060,2026-06-23,クレジットカード,1890
QR-C060-3-29,C060,2026-06-24,QR決済,1180
CARD-C060-3-11,C060,2026-06-24,クレジットカード,3610
QR-C060-3-17,C060,2026-06-25,QR決済,630
QR-C060-3-28,C060,2026-06-25,QR決済,720
QR-C060-3-24,C060,2026-06-26,QR決済,1050
CARD-C060-3-01,C060,2026-06-26,クレジットカード,3010
CARD-C060-3-10,C060,2026-06-26,クレジットカード,2710
QR-C060-3-18,C060,2026-06-27,QR決済,670
QR-C060-3-00,C060,2026-06-28,QR決済,1200
QR-C060-3-42,C060,2026-06-28,QR決済,690
QR-C060-3-14,C060,2026-06-29,QR決済,1260
QR-C060-3-22,C060,2026-06-29,QR決済,800
CARD-C060-3-13,C060,2026-06-29,クレジットカード,4020
QR-C060-3-02,C060,2026-06-30,QR決済,1060
QR-C060-3-35,C060,2026-06-30,QR決済,780
QR-C060-3-36,C060,2026-06-30,QR決済,470
CARD-C060-3-14,C060,2026-06-30,クレジットカード,2897
QR-C060-3-15,C060,2026-07-02,QR決済,880
QR-C060-3-21,C060,2026-07-02,QR決済,620
QR-C060-3-31,C060,2026-07-02,QR決済,1100
QR-C060-3-34,C060,2026-07-02,QR決済,1170
QR-C060-3-39,C060,2026-07-02,QR決済,1250
CARD-C060-3-07,C060,2026-07-03,クレジットカード,2040
CARD-C060-3-09,C060,2026-07-03,クレジットカード,2920
QR-C060-3-27,C060,2026-07-04,QR決済,1000
QR-C060-3-09,C060,2026-07-05,QR決済,630
QR-C060-3-32,C060,2026-07-06,QR決済,1240
QR-C060-3-05,C060,2026-07-08,QR決済,1200
QR-C060-3-40,C060,2026-07-08,QR決済,1170
QR-C060-3-33,C060,2026-07-10,QR決済,720
CARD-C060-3-02,C060,2026-07-10,クレジットカード,2060
CARD-C060-3-04,C060,2026-07-10,クレジットカード,2540
QR-C060-3-03,C060,2026-07-12,QR決済,740
CARD-C060-3-08,C060,2026-07-12,クレジットカード,4110
CARD-C060-3-12,C060,2026-07-12,クレジットカード,3050
QR-C060-3-04,C060,2026-07-13,QR決済,980
QR-C060-3-25,C060,2026-07-13,QR決済,550
QR-C060-3-26,C060,2026-07-14,QR決済,490
QR-C060-3-37,C060,2026-07-14,QR決済,1040
QR-C060-3-06,C060,2026-07-15,QR決済,760
CARD-C060-3-05,C060,2026-07-15,クレジットカード,1490
